id,title,content,total_users,status,location,latitude,longitude,deadline,created_at,updated_at,user_id,group_product_id
1,고광택 감귤 20개(1kg) 공구합니다.,고광택 감귤 20개(1kg) 5명 공구합니다.,5,CLOSED,서울특별시 중구 을지로 281,37.56804459,127.0108904,2025-06-20,2025-06-13 22:00,2025-06-13 22:00,31,1
2,고광택 오렌지 120개 공구합니다.,고광택 오렌지 120개 10명 공구합니다.,10,COMPLETED,서울특별시 용산구 남산공원길 105,37.55112257,126.9878678,2025-06-20,2025-06-13 22:00,2025-06-13 22:00,22,2
3,한라봉 자몽 필러 5개 공구합니다.,한라봉 자몽 필러 5개 5명 공구합니다.,5,CLOSED,서울특별시 용산구 이태원로55길 60-16,37.53846127,126.9992941,2025-06-20,2025-06-13 22:00,2025-06-13 22:00,14,3
4,두꺼운 껍질용 과일 필러 8개 공구합니다.,두꺼운 껍질용 과일 필러 8개 8명 공구합니다.,8,OPEN,서울특별시 종로구 세종대로 172,37.57162282,126.976788,2025-06-20,2025-06-13 22:00,2025-06-13 22:00,48,4
5,라임 오렌지 껍질 필러 9개 공구합니다.,라임 오렌지 껍질 필러 9개 9명 공구합니다.,9,CLOSING_SOON,서울특별시 서대문구 신촌로 90,37.55544179,126.9361192,2025-06-20,2025-06-13 22:00,2025-06-13 22:00,143,5
6,하이브릭스 블랙라벨 고당도 오렌지 100개 공구합니다.,하이브릭스 블랙라벨 고당도 오렌지 100개 10명 공구합니다.,10,COMPLETED,서울특별시 중구 퇴계로 123,37.5612659,126.9853643,2025-06-20,2025-06-13 22:00,2025-06-13 22:00,109,6
7,썬키스트 블랙라벨 고당도 오렌지 25개 공구합니다.,썬키스트 블랙라벨 고당도 오렌지 25개 5명 공구합니다.,5,COMPLETED,서울특별시 마포구 양화로 55,37.55011521,126.9146382,2025-06-20,2025-06-13 22:00,2025-06-13 22:00,69,7
8,고당도 프리미엄 블랙라벨 오렌지 100개 공구합니다.,고당도 프리미엄 블랙라벨 오렌지 100개 5명 공구합니다.,5,CLOSED,서울특별시 중구 남대문시장4길 21,37.55918636,126.9776537,2025-06-20,2025-06-13 22:00,2025-06-13 22:00,79,8
9,대용량 고당도 프리미엄 오렌지 120개 공구합니다.,대용량 고당도 프리미엄 오렌지 120개 12명 공구합니다.,12,CLOSING_SOON,서울특별시 용산구 한강대로23길 55,37.5297718,126.9647415,2025-06-20,2025-06-13 22:00,2025-06-13 22:00,138,9
10,썬키스트 고당도 네이블 오렌지 30개 공구합니다.,썬키스트 고당도 네이블 오렌지 30개 3명 공구합니다.,3,CLOSED,서울특별시 마포구 양화로 165,37.55713067,126.9236162,2025-06-20,2025-06-13 22:00,2025-06-13 22:00,191,10
11,산지직송 프리미엄 설향 딸기 1.5kg 8박스 공구합니다.,산지직송 프리미엄 설향 딸기 1.5kg 8박스 4명 공구합니다.,4,COMPLETED,서울특별시 서대문구 이화여대길 52,37.56446452,126.9502888,2025-06-20,2025-06-13 22:00,2025-06-13 22:00,163,11
12,설향 못난이 생딸기 1.5kg 6박스 공구합니다.,설향 못난이 생딸기 1.5kg 6박스 3명 공구합니다.,3,CLOSING_SOON,서울특별시 종로구 창경궁로 88,37.57011963,126.999799,2025-06-20,2025-06-13 22:00,2025-06-13 22:00,132,12
13,산청 금실 설향 생딸기 2kg 9박스 공구합니다.,산청 금실 설향 생딸기 2kg 9박스 9명 공구합니다.,9,CLOSING_SOON,서울특별시 종로구 사직로 161,37.57590409,126.9768421,2025-06-20,2025-06-13 22:00,2025-06-13 22:00,25,13
14,무농약 당일수확 왕산딸기 2kg 11박스 공구합니다.,무농약 당일수확 왕산딸기 11박스 11명 공구합니다.,11,OPEN,서울특별시 서대문구 봉원사길 120,37.57235344,126.9469448,2025-06-20,2025-06-13 22:00,2025-06-13 22:00,103,14
15,제철 산딸기 1kg 10박스 공구합니다.,제철 산딸기 1kg 10박스 5명 공구합니다.,5,COMPLETED,서울특별시 서대문구 통일로 251,37.57460851,126.9556118,2025-06-20,2025-06-13 22:00,2025-06-13 22:00,189,15
16,청송 안동 부사 못난이 꿀사과 160개 공구합니다.,청송 안동 부사 못난이 꿀사과 160개 10명 공구합니다.,10,OPEN,서울특별시 서대문구 신촌역로 22-5,37.55890633,126.9430386,2025-06-20,2025-06-13 22:00,2025-06-13 22:00,99,16
17,경북 부사 못난이 꿀사과 100개 공구합니다.,경북 부사 못난이 꿀사과 100개 10명 공구합니다.,10,COMPLETED,서울특별시 용산구 이태원로 29,37.53731405,126.9784661,2025-06-20,2025-06-13 22:00,2025-06-13 22:00,116,17
18,가정용 못난이 부사 꿀사과 360개 공구합니다.,가정용 못난이 부사 꿀사과 360개 12명 공구합니다.,12,OPEN,서울특별시 중구 명동길 74,37.56367587,126.9867758,2025-06-20,2025-06-13 22:00,2025-06-13 22:00,109,18
19,청송 문경 꿀 부사 흠과 140개 공구합니다.,청송 문경 꿀 부사 흠과 140개 7명 공구합니다.,7,OPEN,서울특별시 중구 세종대로 110,37.56637078,126.9779184,2025-06-20,2025-06-13 22:00,2025-06-13 22:00,138,19
20,껍질째먹는 세척사과 80개 공구합니다.,껍질째먹는 세척사과 80개 10명 공구합니다.,10,COMPLETED,서울특별시 서대문구 연세로 50,37.56605084,126.9439162,2025-06-20,2025-06-13 22:00,2025-06-13 22:00,130,20
21,청도 씨없는 홍시 120개 공구합니다.,청도 씨없는 홍시 120개 12명 공구합니다.,12,CLOSED,서울특별시 종로구 종로 129,37.5704266,126.9920293,2025-06-20,2025-06-13 22:00,2025-06-13 22:00,19,21
22,햇 대봉감 홍시 110개 공구합니다.,햇 대봉감 홍시 110개 10명 공구합니다.,10,CLOSING_SOON,서울특별시 용산구 이태원로55길 60-16,37.53846127,126.9992941,2025-06-20,2025-06-13 22:00,2025-06-13 22:00,19,22
23,농장직영 광양 대봉감 80개 공구합니다.,농장직영 광양 대봉감 80개 10명 공구합니다.,10,CLOSED,서울특별시 서대문구 신촌로 177,37.5570468,126.9456034,2025-06-20,2025-06-13 22:00,2025-06-13 22:00,119,23
24,대봉감 말랭이 40개 공구합니다.,대봉감 말랭이 40개 8명 공구합니다.,8,OPEN,서울특별시 마포구 포은로8길 14,37.55624,126.905628,2025-06-20,2025-06-13 22:00,2025-06-13 22:00,16,24
25,아이스 대봉 홍시 160개 공구합니다.,아이스 대봉 홍시 160개 10명 공구합니다.,10,CLOSED,서울특별시 마포구 하늘공원로 95,37.56907948,126.8863184,2025-06-20,2025-06-13 22:00,2025-06-13 22:00,14,25
26,수입 세척 무 10개 공구합니다.,수입 세척 무 10개 5명 공구합니다.,5,COMPLETED,서울특별시 중구 세종대로 99,37.56608683,126.9737258,2025-06-20,2025-06-13 22:00,2025-06-13 22:00,4,26
27,국내산 흙 무 4개 공구합니다.,국내산 흙 무 4개 4명 공구합니다.,4,COMPLETED,서울특별시 종로구 계동길 37,37.57908833,126.9862761,2025-06-20,2025-06-13 22:00,2025-06-13 22:00,151,27
28,국내산 알타리 총각무 6단 공구합니다.,국내산 알타리 총각무 6단 3명 공구합니다.,3,COMPLETED,서울특별시 용산구 한강대로23길 55,37.5297718,126.9647415,2025-06-20,2025-06-13 22:00,2025-06-13 22:00,97,28
29,달달한 제주 월동무 20개 공구합니다.,달달한 제주 월동무 20개 10명 공구합니다.,10,CLOSED,서울특별시 용산구 서빙고로 137,37.52470224,126.9777402,2025-06-20,2025-06-13 22:00,2025-06-13 22:00,149,29
30,고랭지 알타리무 8단 공구합니다.,고랭지 알타리무 8단 8명 공구합니다.,8,OPEN,서울특별시 종로구 율곡로 59,37.57687605,126.9857464,2025-06-20,2025-06-13 22:00,2025-06-13 22:00,4,30
31,알배기 쌈배추 12포기 공구합니다.,알배기 쌈배추 12포기 12명 공구합니다.,12,CLOSING_SOON,서울특별시 서대문구 신촌역로 22-5,37.55890633,126.9430386,2025-06-20,2025-06-13 22:00,2025-06-13 22:00,13,31
32,수입 통배추 12포기 공구합니다.,수입 통배추 12포기 6명 공구합니다.,6,CLOSING_SOON,서울특별시 중구 통일로 1,37.55604085,126.9715945,2025-06-20,2025-06-13 22:00,2025-06-13 22:00,185,32
33,무농약 알배기배추 48포기 공구합니다.,무농약 알배기배추 48포기 8명 공구합니다.,8,CLOSING_SOON,서울특별시 서대문구 통일로 247,37.57441036,126.9577503,2025-06-20,2025-06-13 22:00,2025-06-13 22:00,31,33
34,수입 알배추 56포기 공구합니다.,수입 알배추 56포기 7명 공구합니다.,7,CLOSING_SOON,서울특별시 용산구 한강대로23길 55,37.5297718,126.9647415,2025-06-20,2025-06-13 22:00,2025-06-13 22:00,115,34
35,알배기 쌈배추 12포기 공구합니다.,알배기 쌈배추 12포기 6명 공구합니다.,6,CLOSED,서울특별시 마포구 마포대로 100,37.54452679,126.9513638,2025-06-20,2025-06-13 22:00,2025-06-13 22:00,161,35
36,포항초 노지 시금치 8단 공구합니다.,포항초 노지 시금치 8단 4명 공구합니다.,4,CLOSED,서울특별시 중구 세종대로 110,37.56637078,126.9779184,2025-06-20,2025-06-13 22:00,2025-06-13 22:00,103,36
37,남해 섬초 시금치 1kg 6박스 공구합니다.,남해 섬초 시금치 1kg 6박스 6명 공구합니다.,6,COMPLETED,서울특별시 종로구 창경궁로 88,37.57011963,126.999799,2025-06-20,2025-06-13 22:00,2025-06-13 22:00,153,37
38,노지 시금치 4kg 2박스 공구합니다.,노지 시금치 4kg 2박스 8명 공구합니다.,8,CLOSING_SOON,서울특별시 중구 을지로 42,37.56605095,126.9823729,2025-06-20,2025-06-13 22:00,2025-06-13 22:00,199,38
39,친환경 베이비 시금치 1.2kg 공구합니다.,친환경 베이비 시금치 1.2kg 3명 공구합니다.,3,OPEN,서울특별시 서대문구 통일로 344,37.58127279,126.9514397,2025-06-20,2025-06-13 22:00,2025-06-13 22:00,78,39
40,냉동 시금치 1kg 4박스 공구합니다.,냉동 시금치 1kg 4박스 8명 공구합니다.,8,OPEN,서울특별시 용산구 녹사평대로 195,37.53483142,126.9870285,2025-06-20,2025-06-13 22:00,2025-06-13 22:00,16,40
41,숙주나물 7kg 공구합니다.,숙주나물 7kg 7명 공구합니다.,7,CLOSED,서울특별시 서대문구 봉원사길 120,37.57235344,126.9469448,2025-06-20,2025-06-13 22:00,2025-06-13 22:00,115,41
42,다선채 숙주나물 2.4kg 공구합니다.,다선채 숙주나물 2.4kg 6명 공구합니다.,6,CLOSING_SOON,서울특별시 용산구 한강대로 100,37.52879118,126.9686736,2025-06-20,2025-06-13 22:00,2025-06-13 22:00,191,42
43,숙주나물 4kg 공구합니다.,숙주나물 4kg 8명 공구합니다.,8,CLOSED,서울특별시 서대문구 신촌로 177,37.5570468,126.9456034,2025-06-20,2025-06-13 22:00,2025-06-13 22:00,14,43
44,숙주나물 4kg 공구합니다.,숙주나물 4kg 4명 공구합니다.,4,CLOSED,서울특별시 종로구 율곡로 99,37.57886973,126.9897103,2025-06-20,2025-06-13 22:00,2025-06-13 22:00,153,44
45,녹두건강 숙주나물 4kg 공구합니다.,녹두건강 숙주나물 4kg 8명 공구합니다.,8,COMPLETED,서울특별시 마포구 양화로 165,37.55713067,126.9236162,2025-06-20,2025-06-13 22:00,2025-06-13 22:00,15,45
46,찜용 콩나물 7kg 공구합니다.,찜용 콩나물 7kg 7명 공구합니다.,7,OPEN,서울특별시 마포구 월드컵로 240,37.56828845,126.897273,2025-06-20,2025-06-13 22:00,2025-06-13 22:00,97,46
47,무농약 국산콩 콩나물 3kg 공구합니다.,무농약 국산콩 콩나물 3kg 3명 공구합니다.,3,COMPLETED,서울특별시 서대문구 봉원사길 120,37.57235344,126.9469448,2025-06-20,2025-06-13 22:00,2025-06-13 22:00,49,47
48,맑은물에 아삭한 콩나물 28kg 공구합니다.,맑은 물에 아삭한 콩나물 28kg 7명 공구합니다.,7,COMPLETED,서울특별시 중구 동호로 249,37.55750551,127.0079529,2025-06-20,2025-06-13 22:00,2025-06-13 22:00,32,48
49,장수 찜용 콩나물 3kg 공구합니다.,장수 찜용 콩나물 3kg 6명 공구합니다.,6,CLOSED,서울특별시 중구 남대문로 39,37.5625152,126.9797235,2025-06-20,2025-06-13 22:00,2025-06-13 22:00,103,49
50,GAP 아삭한 일자 콩나물 10kg 공구합니다.,GAP 아삭한 일자 콩나물 10kg 10명 공구합니다.,10,OPEN,서울특별시 종로구 우정국로 55,37.57389314,126.9818817,2025-06-20,2025-06-13 22:00,2025-06-13 22:00,49,50
51,경기미 수향미 10kg 2포대 공구합니다.,경기미 수향미 10kg 2포대 2명 공구합니다.,2,COMPLETED,서울특별시 용산구 서빙고로 137,37.52470224,126.9777402,2025-06-20,2025-06-13 22:00,2025-06-13 22:00,19,51
52,임금님표 이천쌀 4kg 5포대 공구합니다.,임금님표 이천쌀 4kg 5포대 5명 공구합니다.,5,CLOSING_SOON,서울특별시 종로구 세종대로 172,37.57162282,126.976788,2025-06-20,2025-06-13 22:00,2025-06-13 22:00,119,52
53,수향미 골든퀸 10kg 2포대 공구합니다.,수향미 골드퀸 10kg 2포대 2명 공구합니다.,2,COMPLETED,서울특별시 중구 퇴계로 123,37.5612659,126.9853643,2025-06-20,2025-06-13 22:00,2025-06-13 22:00,32,53
54,고대곡물 파로쌀 2kg 5포대 공구합니다.,고대곡물 파로쌀 2kg 5포대 5명 공구합니다.,5,CLOSING_SOON,서울특별시 서대문구 이화여대길 52,37.56446452,126.9502888,2025-06-20,2025-06-13 22:00,2025-06-13 22:00,14,54
55,자연정 찰곤약쌀 200g 10개 공구합니다.,자연정 찰곤약쌀 200g 10개 10명 공구합니다.,10,COMPLETED,서울특별시 중구 세종대로 99,37.56608683,126.9737258,2025-06-20,2025-06-13 22:00,2025-06-13 22:00,103,55
56,카무트쌀 4kg 5포대 공구합니다.,카무트쌀 4kg 5포대 5명 공구합니다.,5,CLOSED,서울특별시 용산구 이태원로 29,37.53731405,126.9784661,2025-06-20,2025-06-13 22:00,2025-06-13 22:00,138,56
57,그레인온 파로 엠머밀 1kg 3개 공구합니다.,그레인온 파로 엠머밀 1kg 3개 3명 공구합니다.,3,CLOSED,서울특별시 서대문구 신촌로 90,37.55544179,126.9361192,2025-06-20,2025-06-13 22:00,2025-06-13 22:00,149,57
58,고대곡물 파로쌀 280g 12팩 공구합니다.,고대곡물 파로쌀 280g 12팩 6명 공구합니다.,6,CLOSED,서울특별시 서대문구 봉원사길 120,37.57235344,126.9469448,2025-06-20,2025-06-13 22:00,2025-06-13 22:00,18,58
59,혼합잡곡 17곡 10kg 2포대 공구합니다.,혼합잡곡 17곡 10kg 2포대 2명 공구합니다.,2,COMPLETED,서울특별시 중구 을지로 281,37.56804459,127.0108904,2025-06-20,2025-06-13 22:00,2025-06-13 22:00,16,59
60,국산 혼합잡곡 17곡 2kg 5포대 공구합니다.,국산 혼합잡곡 17곡 2kg 5포대 5명 공구합니다.,5,CLOSED,서울특별시 중구 세종대로 110,37.56637078,126.9779184,2025-06-20,2025-06-13 22:00,2025-06-13 22:00,151,60
61,로얄40곡 혼합잡곡 10kg 2포대 공구합니다.,로얄40곡 혼합잡곡 10kg 2포대 2명 공구합니다.,2,CLOSING_SOON,서울특별시 종로구 계동길 37,37.57908833,126.9862761,2025-06-20,2025-06-13 22:00,2025-06-13 22:00,4,61
62,균형 혼합 18곡 4kg 2포대 공구합니다.,균형 혼합 18곡 4kg 2포대 2명 공구합니다.,2,CLOSED,서울특별시 용산구 서빙고로 137,37.52470224,126.9777402,2025-06-20,2025-06-13 22:00,2025-06-13 22:00,22,62
63,국산 현미쌀 5kg 2포대 공구합니다.,국산 현미쌀 5kg 2포대 2명 공구합니다.,2,COMPLETED,서울특별시 용산구 한강대로23길 55,37.5297718,126.9647415,2025-06-20,2025-06-13 22:00,2025-06-13 22:00,103,63
64,국산 현미 10kg 2포대 공구합니다.,국산 현미 10kg 2포대 2명 공구합니다.,2,COMPLETED,서울특별시 용산구 남산공원길 105,37.55112257,126.9878678,2025-06-20,2025-06-13 22:00,2025-06-13 22:00,18,64
65,국산 현미쌀 모음 5kg 2포대 공구합니다.,국산 현미쌀 모음 5kg 2포대 2명 공구합니다.,2,COMPLETED,서울특별시 종로구 창경궁로 88,37.57011963,126.999799,2025-06-20,2025-06-13 22:00,2025-06-13 22:00,103,65
66,국산 찰흑미 2kg 5포대 공구합니다.,국산 찰흑미 2kg 5포대 5명 공구합니다.,5,OPEN,서울특별시 중구 명동길 74,37.56367587,126.9867758,2025-06-20,2025-06-13 22:00,2025-06-13 22:00,163,66
67,국산 찰흑미 4kg 5포대 공구합니다.,국산 찰흑미 4kg 5포대 5명 공구합니다.,5,OPEN,서울특별시 마포구 양화로 55,37.55011521,126.9146382,2025-06-20,2025-06-13 22:00,2025-06-13 22:00,151,67
68,진도 찰흑미 4kg 5포대 공구합니다.,진도 찰흑미 4kg 5포대 5명 공구합니다.,5,COMPLETED,서울특별시 중구 을지로 42,37.56605095,126.9823729,2025-06-20,2025-06-13 22:00,2025-06-13 22:00,79,68
69,농부미학 국산 찰흑미 4kg 5포대 공구합니다.,농부미학 국산 찰흑미 4kg 5포대 5명 공구합니다.,5,CLOSING_SOON,서울특별시 중구 을지로 281,37.56804459,127.0108904,2025-06-20,2025-06-13 22:00,2025-06-13 22:00,119,69
70,진도 검정쌀 찰흑미 1kg 10포대 공구합니다.,진도 검정쌀 찰흑미 1kg 10포대 10명 공구합니다.,10,COMPLETED,서울특별시 종로구 사직로 161,37.57590409,126.9768421,2025-06-20,2025-06-13 22:00,2025-06-13 22:00,171,70
71,동물복지 자연합니다.사 유정란 100구 공구합니다.,동물복지 자연합니다.사 유정란 100구 10명 공구합니다.,10,OPEN,서울특별시 마포구 포은로8길 14,37.55624,126.905628,2025-06-20,2025-06-13 22:00,2025-06-13 22:00,189,71
72,무항생제 계란 180구 공구합니다.,무항생제 계란 180구 10명 공구합니다.,10,COMPLETED,서울특별시 용산구 이태원로55길 60-16,37.53846127,126.9992941,2025-06-20,2025-06-13 22:00,2025-06-13 22:00,97,72
73,난각번호1번 자연합니다.사 유정란 60구 공구합니다.,난각번호1번 자연합니다.사 유정란 60구 6명 공구합니다.,6,OPEN,서울특별시 마포구 양화로 165,37.55713067,126.9236162,2025-06-20,2025-06-13 22:00,2025-06-13 22:00,4,73
74,계란 왕란 120구 공구합니다.,계란 왕란 120구 12명 공구합니다.,12,COMPLETED,서울특별시 서대문구 이화여대길 52,37.56446452,126.9502888,2025-06-20,2025-06-13 22:00,2025-06-13 22:00,48,74
75,난각번호1번 무항생제 유정란 120구 공구합니다.,난각번호1번 무항생제 유정란 120구 12명 공구합니다.,12,CLOSING_SOON,서울특별시 종로구 종로 129,37.5704266,126.9920293,2025-06-20,2025-06-13 22:00,2025-06-13 22:00,25,75
76,흥생농장 반숙란 80구 공구합니다.,흥생농장 반숙란 80구 8명 공구합니다.,8,CLOSED,서울특별시 중구 통일로 1,37.55604085,126.9715945,2025-06-20,2025-06-13 22:00,2025-06-13 22:00,19,76
77,촉촉한 감동란 60구 공구합니다.,촉촉한 감동란 60구 6명 공구합니다.,6,COMPLETED,서울특별시 서대문구 봉원사길 120,37.57235344,126.9469448,2025-06-20,2025-06-13 22:00,2025-06-13 22:00,25,77
78,친환경 구운란 120구 공구합니다.,친환경 구운란 120구 6명 공구합니다.,6,CLOSING_SOON,서울특별시 마포구 하늘공원로 95,37.56907948,126.8863184,2025-06-20,2025-06-13 22:00,2025-06-13 22:00,33,78
79,계림농장 친환경 구운계란 60구 공구합니다.,계림농장 친환경 구운계란 60구 3명 공구합니다.,3,CLOSING_SOON,서울특별시 서대문구 통일로 247,37.57441036,126.9577503,2025-06-20,2025-06-13 22:00,2025-06-13 22:00,191,79
80,비타민B 반숙란 100구 공구합니다.,비타민B 반숙란 100구 5명 공구합니다.,5,COMPLETED,서울특별시 마포구 마포대로 100,37.54452679,126.9513638,2025-06-20,2025-06-13 22:00,2025-06-13 22:00,151,80
81,한추리 바로깐메추리알 1kg 4팩 공구합니다.,한추리 바로깐 메추리알 1kg 4팩 2명 공구합니다.,2,CLOSED,서울특별시 종로구 율곡로 59,37.57687605,126.9857464,2025-06-20,2025-06-13 22:00,2025-06-13 22:00,119,81
82,참나무 훈제메추리알 70개 공구합니다.,참나무 훈제메추리알 70개 7명 공구합니다.,7,OPEN,서울특별시 중구 동호로 249,37.55750551,127.0079529,2025-06-20,2025-06-13 22:00,2025-06-13 22:00,14,82
83,참나무 훈제 메추리알 60입 공구합니다.,참나무 훈제 메추리알 60입 6명 공구합니다.,6,OPEN,서울특별시 용산구 녹사평대로 195,37.53483142,126.9870285,2025-06-20,2025-06-13 22:00,2025-06-13 22:00,78,83
84,무항생제 국산 깐메추리알 1kg 5팩 공구합니다.,무항생제 국산 깐메추리알 1kg 5팩 5명 공구합니다.,5,OPEN,서울특별시 서대문구 신촌로 177,37.5570468,126.9456034,2025-06-20,2025-06-13 22:00,2025-06-13 22:00,99,84
85,녹차먹인 오리알 90구 공구합니다.,녹차먹인 오리알 90구 10명 공구합니다.,10,OPEN,서울특별시 용산구 한강대로23길 55,37.5297718,126.9647415,2025-06-20,2025-06-13 22:00,2025-06-13 22:00,143,85
86,중국식품 피단 60개 공구합니다.,중국식품 피단 60개 6명 공구합니다.,6,CLOSING_SOON,서울특별시 서대문구 통일로 247,37.57441036,126.9577503,2025-06-20,2025-06-13 22:00,2025-06-13 22:00,19,86
87,맥심 모카골드 마일드 400개입 공구합니다.,맥심 모카골드 마일드 400개입 8명 공구합니다.,8,CLOSED,서울특별시 중구 남대문로 39,37.5625152,126.9797235,2025-06-20,2025-06-13 22:00,2025-06-13 22:00,161,87
88,맥심 화이트골드 800개입 공구합니다.,맥심 화이트골드 800개입 8명 공구합니다.,8,CLOSING_SOON,서울특별시 서대문구 통일로 344,37.58127279,126.9514397,2025-06-20,2025-06-13 22:00,2025-06-13 22:00,14,88
89,카누 미니 마일드로스트 600개입 공구합니다.,카누 미니 마일드로스트 600개입 6명 공구합니다.,6,CLOSING_SOON,서울특별시 종로구 우정국로 55,37.57389314,126.9818817,2025-06-20,2025-06-13 22:00,2025-06-13 22:00,79,89
90,맥심 모카골드 마일드 1200개입 공구합니다.,맥심 모카골드 마일드 1200개입 6명 공구합니다.,6,COMPLETED,서울특별시 용산구 신흥로,37.54491364,126.9864557,2025-06-20,2025-06-13 22:00,2025-06-13 22:00,116,90
91,맥심 슈프림 골드 340개입 공구합니다.,맥심 슈프림 골드 340개입 2명 공구합니다.,2,CLOSED,서울특별시 중구 을지로 42,37.56605095,126.9823729,2025-06-20,2025-06-13 22:00,2025-06-13 22:00,115,91
92,핸드드립 드립백커피 70개입 공구합니다.,핸드드립 드립백커피 70개입 7명 공구합니다.,7,OPEN,서울특별시 마포구 월드컵로 240,37.56828845,126.897273,2025-06-20,2025-06-13 22:00,2025-06-13 22:00,14,92
93,핸드드립 오리지널 블렌드 드립백 180개입 공구합니다.,핸드드립 오리지널 블렌드 드립백 180개입 10명 공구합니다.,10,CLOSING_SOON,서울특별시 용산구 서빙고로 137,37.52470224,126.9777402,2025-06-20,2025-06-13 22:00,2025-06-13 22:00,13,93
94,칼디 워터 드립커피 60팩 공구합니다.,칼디 워터 드립커피 6팩 6명 공구합니다.,6,CLOSED,서울특별시 용산구 한강대로 100,37.52879118,126.9686736,2025-06-20,2025-06-13 22:00,2025-06-13 22:00,191,94
95,디카페인 콜롬비아 드립백 100개 공구합니다.,디카페인 콜롬비아 드립백 100개 5명 공구합니다.,5,CLOSED,서울특별시 서대문구 봉원사길 120,37.57235344,126.9469448,2025-06-20,2025-06-13 22:00,2025-06-13 22:00,132,95
96,디카페인 브라질 원두 1kg 5개 공구합니다.,디카페인 브라질 원두 1kg 5개 5명 공구합니다.,5,COMPLETED,서울특별시 종로구 세종대로 172,37.57162282,126.976788,2025-06-20,2025-06-13 22:00,2025-06-13 22:00,25,96
97,베트남 로부스타 원두 1kg 10개 공구합니다.,베트남 로부스타 원두 1kg 10개 10명 공구합니다.,10,OPEN,서울특별시 서대문구 통일로 247,37.57441036,126.9577503,2025-06-20,2025-06-13 22:00,2025-06-13 22:00,15,97
98,커피생두 베트남 마운틴 라이온 1kg 8개 공구합니다.,커피생두 베트남 마운틴 라이온 1kg 8개 4명 공구합니다.,4,CLOSED,서울특별시 용산구 한강대로23길 55,37.5297718,126.9647415,2025-06-20,2025-06-13 22:00,2025-06-13 22:00,13,98
99,킹콩 콜롬비아 원두커피 1kg 6개 공구합니다.,킹콩 콜롬비아 원두커피 1kg 6개 6명 공구합니다.,6,OPEN,서울특별시 용산구 서빙고로 137,37.52470224,126.9777402,2025-06-20,2025-06-13 22:00,2025-06-13 22:00,151,99
100,스타벅스 블랙퍼스트 원두 1.13kg 6개 공구합니다.,스타벅스 블랙퍼스트 원두 1.13kg 6개 6개 공구합니다.,6,CLOSING_SOON,서울특별시 마포구 양화로 165,37.55713067,126.9236162,2025-06-20,2025-06-13 22:00,2025-06-13 22:00,13,100
101,스타벅스 돌체구스토 호환캡슐 144개 공구합니다.,스타벅스 돌체구스토 호환캡슐 144개 12명 공구합니다.,12,CLOSED,서울특별시 서대문구 통일로 251,37.57460851,126.9556118,2025-06-20,2025-06-13 22:00,2025-06-13 22:00,138,101
102,네스프레소 버츄오 호환캡슐 140개 공구합니다.,네스프레소 버츄오 호환캡슐 140개 7명 공구합니다.,7,CLOSING_SOON,서울특별시 종로구 사직로 161,37.57590409,126.9768421,2025-06-20,2025-06-13 22:00,2025-06-13 22:00,189,102
103,일리 네스프레소 호환캡슐 150개 공구합니다.,일리 네스프레소 호환캡슐 150개 10명 공구합니다.,10,COMPLETED,서울특별시 중구 세종대로 110,37.56637078,126.9779184,2025-06-20,2025-06-13 22:00,2025-06-13 22:00,153,103
104,일리 네스프레소 인텐소 캡슐 150개 공구합니다.,일리 네스프레소 인텐소 캡슐 150개 10명 공구합니다.,10,OPEN,서울특별시 서대문구 이화여대길 52,37.56446452,126.9502888,2025-06-20,2025-06-13 22:00,2025-06-13 22:00,16,104
105,일리 캡슐 커피 인텐소 180개 공구합니다.,일리 캡슐 커피 인텐소 180개 10명 공구합니다.,10,CLOSING_SOON,서울특별시 서대문구 통일로 247,37.57441036,126.9577503,2025-06-20,2025-06-13 22:00,2025-06-13 22:00,138,105
106,마르니스 콜드브루 원액 2L 7병 공구합니다.,마르니스 콜드브루 원액 2L 7병 7명 공구합니다.,7,OPEN,서울특별시 용산구 이태원로 29,37.53731405,126.9784661,2025-06-20,2025-06-13 22:00,2025-06-13 22:00,109,106
107,하이드로 더치커피 160팩 공구합니다.,하이드로 더치커피 160팩 8명 공구합니다.,8,OPEN,서울특별시 중구 세종대로 99,37.56608683,126.9737258,2025-06-20,2025-06-13 22:00,2025-06-13 22:00,49,107
108,미스티브루 콜드브루 스틱 120개 공구합니다.,미스티블루 콜드브루 스틱 120개 12명 공구합니다.,12,OPEN,서울특별시 서대문구 연세로 50,37.56605084,126.9439162,2025-06-20,2025-06-13 22:00,2025-06-13 22:00,171,108
109,슬로울리 콜드브루 원액 2L 8병 공구합니다.,슬로울리 콜드브루 원액 2L 8병 8명 공구합니다.,8,CLOSING_SOON,서울특별시 중구 남대문시장4길 21,37.55918636,126.9776537,2025-06-20,2025-06-13 22:00,2025-06-13 22:00,13,109
110,웰던 더치커피 원액 500ml 13병 공구합니다.,웰던 더치커피 원약 500ml 13병 13명 공구합니다.,13,CLOSED,서울특별시 중구 퇴계로 123,37.5612659,126.9853643,2025-06-20,2025-06-13 22:00,2025-06-13 22:00,15,110
111,미니 캔음료 모음 150캔 공구합니다.,미니 캔음료 모음 150캔 15명 공구합니다.,15,OPEN,서울특별시 중구 을지로 281,37.56804459,127.0108904,2025-06-20,2025-06-13 22:00,2025-06-13 22:00,185,111
112,미니캔 음료수 270캔 공구합니다.,미니캔 음료수 270캔 9명 공구합니다.,9,CLOSED,서울특별시 마포구 마포대로 100,37.54452679,126.9513638,2025-06-20,2025-06-13 22:00,2025-06-13 22:00,31,112
113,펩시콜라 제로 라임 190ml 60캔 공구합니다.,펩시콜라 제로 라임 190ml 60캔 6명 공구합니다.,6,COMPLETED,서울특별시 서대문구 신촌로 90,37.55544179,126.9361192,2025-06-20,2025-06-13 22:00,2025-06-13 22:00,151,113
114,펩시제로슈거 라임향 210ml 60캔 공구합니다.,펩시제로슈거 라임향 210ml 60캔 10명 공구합니다.,10,COMPLETED,서울특별시 중구 명동길 74,37.56367587,126.9867758,2025-06-20,2025-06-13 22:00,2025-06-13 22:00,143,114
115,뚱캔 음료수 90캔 공구합니다.,뚱캔 음료수 90캔 9명 공구합니다.,9,COMPLETED,서울특별시 종로구 계동길 37,37.57908833,126.9862761,2025-06-20,2025-06-13 22:00,2025-06-13 22:00,138,115
116,냉동 수박주스 1kg 5병 공구합니다.,냉동 수박주스 1kg 5병 5명 공구합니다.,5,CLOSING_SOON,서울특별시 종로구 사직로 161,37.57590409,126.9768421,2025-06-20,2025-06-13 22:00,2025-06-13 22:00,109,116
117,리타주스 NFC 코코넛워터 60팩 공구합니다.,리타주스 NFC 코코넛워터 60팩 6명 공구합니다.,6,CLOSED,서울특별시 종로구 창경궁로 88,37.57011963,126.999799,2025-06-20,2025-06-13 22:00,2025-06-13 22:00,138,117
118,건강담은 야채가득 V19 120팩 공구합니다.,건강담은 야채가득 V19 120팩 12명 공구합니다.,12,CLOSING_SOON,서울특별시 마포구 양화로 55,37.55011521,126.9146382,2025-06-20,2025-06-13 22:00,2025-06-13 22:00,119,118
119,상하 유기농 주스 48팩 공구합니다.,상하 유기농 주스 48팩 8명 공구합니다.,8,COMPLETED,서울특별시 서대문구 이화여대길 52,37.56446452,126.9502888,2025-06-20,2025-06-13 22:00,2025-06-13 22:00,185,119
120,커클랜드 유기농 코코넛 워터 72개 공구합니다.,커클랜드 유기농 코코넛 워터 72개 9명 공구합니다.,9,COMPLETED,서울특별시 서대문구 통일로 247,37.57441036,126.9577503,2025-06-20,2025-06-13 22:00,2025-06-13 22:00,48,120
121,칠성사이다 190ml 150캔 공구합니다.,칠성사이다 190ml 150캔 15명 공구합니다.,15,CLOSED,서울특별시 용산구 이태원로55길 60-16,37.53846127,126.9992941,2025-06-20,2025-06-13 22:00,2025-06-13 22:00,191,121
122,칠성사이다 미니캔 90캔 공구합니다.,칠성사이다 미니캔 90캔 9명 공구합니다.,9,CLOSED,서울특별시 마포구 포은로8길 14,37.55624,126.905628,2025-06-20,2025-06-13 22:00,2025-06-13 22:00,151,122
123,칠성사이다 500ml 160개 공구합니다.,칠성사이다 500ml 160개 8명 공구합니다.,8,CLOSING_SOON,서울특별시 종로구 종로 129,37.5704266,126.9920293,2025-06-20,2025-06-13 22:00,2025-06-13 22:00,132,123
124,칠성사이다 355ml 120캔 공구합니다.,칠성사이다 355ml 120캔 12명 공구합니다.,12,OPEN,서울특별시 중구 통일로 1,37.55604085,126.9715945,2025-06-20,2025-06-13 22:00,2025-06-13 22:00,119,124
125,미니 캔음료 모음 60캔 공구합니다.,미니 캔음료 모음 60캔 6명 공구합니다.,6,CLOSING_SOON,서울특별시 서대문구 신촌로 90,37.55544179,126.9361192,2025-06-20,2025-06-13 22:00,2025-06-13 22:00,19,125
126,뚱캔 음료수 모음 90캔 공구합니다.,뚱캔 음료수 모음 90캔 9명 공구합니다.,9,COMPLETED,서울특별시 마포구 하늘공원로 95,37.56907948,126.8863184,2025-06-20,2025-06-13 22:00,2025-06-13 22:00,189,126
127,제로라임펩시콜라 500ml 100펫 공구합니다.,제로라임펩시콜라 500ml 100펫 10명 공구합니다.,10,OPEN,서울특별시 서대문구 통일로 247,37.57441036,126.9577503,2025-06-20,2025-06-13 22:00,2025-06-13 22:00,132,127
128,펩시콜라 제로 라임 190ml 120캔 공구합니다.,펩시콜라 제로 라임 190ml 120캔 12명 공구합니다.,12,OPEN,서울특별시 마포구 마포대로 100,37.54452679,126.9513638,2025-06-20,2025-06-13 22:00,2025-06-13 22:00,153,128
129,이온음료 모음 100캔 공구합니다.,이온음료 모음 100캔 5명 공구합니다.,5,CLOSING_SOON,서울특별시 종로구 율곡로 59,37.57687605,126.9857464,2025-06-20,2025-06-13 22:00,2025-06-13 22:00,78,129
130,이온음료 모음 90캔 공구합니다.,이온음료 모음 90캔 9명 공구합니다.,9,CLOSING_SOON,서울특별시 용산구 녹사평대로 195,37.53483142,126.9870285,2025-06-20,2025-06-13 22:00,2025-06-13 22:00,163,130
131,포카리스웨트 340ml 80개 공구합니다.,포카리스웨트 340ml 80개 10명 공구합니다.,10,OPEN,서울특별시 중구 동호로 249,37.55750551,127.0079529,2025-06-20,2025-06-13 22:00,2025-06-13 22:00,199,131
132,포카리스웨트 500ml 100개 공구합니다.,포카리스웨트 500ml 100개 5명 공구합니다.,5,COMPLETED,서울특별시 서대문구 신촌역로 22-5,37.55890633,126.9430386,2025-06-20,2025-06-13 22:00,2025-06-13 22:00,14,132
133,포카리스웨트 분말 30개입 공구합니다.,포카리스웨트 분말 30개입 6명 공구합니다.,6,COMPLETED,서울특별시 서대문구 신촌로 177,37.5570468,126.9456034,2025-06-20,2025-06-13 22:00,2025-06-13 22:00,119,133
134,사과떡볶이 밀키트 8키트 공구합니다.,사과떡볶이 밀키트 8키트 8명 공구합니다.,8,CLOSED,서울특별시 용산구 한강대로 100,37.52879118,126.9686736,2025-06-20,2025-06-13 22:00,2025-06-13 22:00,119,134
135,선릉역 매운 떡볶이 밀키트 6키트 공구합니다.,선릉역 매운 떡볶이 밀키트 6키트 6명 공구합니다.,6,OPEN,서울특별시 중구 을지로 42,37.56605095,126.9823729,2025-06-20,2025-06-13 22:00,2025-06-13 22:00,138,135
136,빨강고구마 오리지널 떡볶이 밀키트 8키트 공구합니다.,빨강고구마 오리지널 떡볶이 밀키트 8키트 8명 공구합니다.,8,CLOSED,서울특별시 종로구 사직로 161,37.57590409,126.9768421,2025-06-20,2025-06-13 22:00,2025-06-13 22:00,130,136
137,장신몰 국물 떡볶이 2인분 15키트 공구합니다.,장신몰 국물 떡볶이 2인분 15키트 15명 공구합니다.,15,CLOSED,서울특별시 마포구 월드컵로 240,37.56828845,126.897273,2025-06-20,2025-06-13 22:00,2025-06-13 22:00,4,137
138,사과떡볶이 매운맛 밀키트 10키트 공구합니다.,사과떡볶이 매운맛 밀키트 10키트 10명 공구합니다.합니다.,10,CLOSED,서울특별시 종로구 우정국로 55,37.57389314,126.9818817,2025-06-20,2025-06-13 22:00,2025-06-13 22:00,138,138
139,치즈 품은 새송이버섯 구이 밀키트 8키트 공구합니다.,치즈 품은 새송이버섯 구이 밀키트 8키트 8명 공구합니다.,8,CLOSED,서울특별시 종로구 사직로 161,37.57590409,126.9768421,2025-06-20,2025-06-13 22:00,2025-06-13 22:00,115,139
140,캠핑용 삼겹 손말이고기 꼬치 10키트 공구합니다.,캠핑용 삼겹 손말이고기 꼬치 10키트 10명 공구합니다.,10,CLOSING_SOON,서울특별시 중구 남대문로 39,37.5625152,126.9797235,2025-06-20,2025-06-13 22:00,2025-06-13 22:00,138,140
141,치즈버섯 구이 24팩 공구합니다.,치즈버섯 구이 24팩 6명 공구합니다.,6,CLOSED,서울특별시 서대문구 통일로 344,37.58127279,126.9514397,2025-06-20,2025-06-13 22:00,2025-06-13 22:00,19,141
142,주왕산가든 한우불고기 3인분 5키트 공구합니다.,주왕산가든 한우불고기 3인분 5키트 5명 공구합니다.,5,CLOSING_SOON,서울특별시 서대문구 봉원사길 120,37.57235344,126.9469448,2025-06-20,2025-06-13 22:00,2025-06-13 22:00,151,142
143,애슐리 등심 스테이크 16팩 공구합니다.,애슐리 등심 스테이크 16팩 8명 공구합니다.,8,OPEN,서울특별시 용산구 서빙고로 137,37.52470224,126.9777402,2025-06-20,2025-06-13 22:00,2025-06-13 22:00,161,143
144,조조칼국수 해물 동죽 밀키트 8키트 공구합니다.,조조칼국수 해물 동죽 밀키트 8키트 8명 공구합니다.,8,COMPLETED,서울특별시 서대문구 통일로 247,37.57441036,126.9577503,2025-06-20,2025-06-13 22:00,2025-06-13 22:00,15,144
145,교동반점 짬뽕 짜장 밀키트 5키트 공구합니다.,교동반점 짬뽕 짜장 밀키트 5키트 5명 공구합니다.,5,CLOSED,서울특별시 종로구 율곡로 99,37.57886973,126.9897103,2025-06-20,2025-06-13 22:00,2025-06-13 22:00,163,145
146,투움바 치즈 파스타밀키트 2인분 9키트 공구합니다.,투움바 치즈 파스타밀키트 2인분 9키트 9명 공구합니다.,9,OPEN,서울특별시 마포구 포은로8길 14,37.55624,126.905628,2025-06-20,2025-06-13 22:00,2025-06-13 22:00,116,146
147,공항칼국수 원조버섯칼국수 2-3인분 7키트 공구합니다.,공항칼국수 원조버섯칼국수 2-3인분 7키트 7명 공구합니다.,7,OPEN,서울특별시 용산구 남산공원길 105,37.55112257,126.9878678,2025-06-20,2025-06-13 22:00,2025-06-13 22:00,138,147
148,장신몰 바지락 칼국수 1.3kg 14키트 공구합니다.,장신몰 바지락 칼국수 1.3kg 14키트 7명 공구합니다.,7,OPEN,서울특별시 용산구 서빙고로 137,37.52470224,126.9777402,2025-06-20,2025-06-13 22:00,2025-06-13 22:00,185,148
149,더진한 전복죽 밀키트 250g 10키트 공구합니다.,더진한 전복죽 밀키트 250g 10키트 5명 공구합니다.,5,OPEN,서울특별시 종로구 종로 129,37.5704266,126.9920293,2025-06-20,2025-06-13 22:00,2025-06-13 22:00,115,149
150,CJ 햇반 찹쌀 누룽지죽 60개 공구합니다.,CJ 햇반 찹쌀 누룽지죽 60개 12명 공구합니다.,12,COMPLETED,서울특별시 중구 명동길 74,37.56367587,126.9867758,2025-06-20,2025-06-13 22:00,2025-06-13 22:00,199,150
151,상온 보관 전복죽 285g 15개 공구합니다.,상온 보관 전복죽 285g 15개 15명 공구합니다.,15,COMPLETED,서울특별시 서대문구 신촌로 90,37.55544179,126.9361192,2025-06-20,2025-06-13 22:00,2025-06-13 22:00,13,151
152,오뚜기 강황 분말 140g 12개 공구합니다.,오뚜기 강황 분말 140g 12개 6명 공구합니다.,6,OPEN,서울특별시 마포구 어울마당로,37.55213995,126.9215479,2025-06-20,2025-06-13 22:00,2025-06-13 22:00,13,152
153,오뚜기 강황 가루 140g 11개 공구합니다.,오뚜기 강황 가루 140g 11개 11명 공구합니다.,11,CLOSING_SOON,서울특별시 중구 세종대로 110,37.56637078,126.9779184,2025-06-20,2025-06-13 22:00,2025-06-13 22:00,163,153
154,햄지의식탁 불스지 8키트 공구합니다.,햄지의식탁 불스지 8키트 4명 공구합니다.,8,OPEN,서울특별시 마포구 양화로 165,37.55713067,126.9236162,2025-06-20,2025-06-13 22:00,2025-06-13 22:00,33,154
155,통나무집 춘천 닭갈비 밀키트 6키트 공구합니다.,통나무집 춘천 닭갈비 밀키트 6키트 3명 공구합니다.,3,OPEN,서울특별시 중구 퇴계로 123,37.5612659,126.9853643,2025-06-20,2025-06-13 22:00,2025-06-13 22:00,19,155
156,공격수셰프의 감바스 알 아히요 9개 공구합니다.,공격수 셰프의 감바스 알 아히요 9개 9명 공구합니다.,9,OPEN,서울특별시 용산구 한강대로23길 55,37.5297718,126.9647415,2025-06-20,2025-06-13 22:00,2025-06-13 22:00,119,156
157,팔당 원조 매운오징어 밀키트 7키트 공구합니다.,팔당 원조 매운오징어 밀키트 7키트 7명 공구합니다.,7,OPEN,서울특별시 종로구 세종대로 172,37.57162282,126.976788,2025-06-20,2025-06-13 22:00,2025-06-13 22:00,149,157
158,구리 보배곱창 야채곱창 밀키트 7키트 공구합니다.,구리 보배곱창 야채곱창 밀키트 7키트 7명 공구합니다.,7,CLOSING_SOON,서울특별시 마포구 하늘공원로 95,37.56907948,126.8863184,2025-06-20,2025-06-13 22:00,2025-06-13 22:00,163,158
159,백승일 심가네 한우 소머리곰탕 28팩 공구합니다.,백승일 심가네 한우 소머리곰탕 28팩 14명 공구합니다.,14,CLOSING_SOON,서울특별시 중구 남대문시장4길 21,37.55918636,126.9776537,2025-06-20,2025-06-13 22:00,2025-06-13 22:00,15,159
160,극소수 순대 국밥 15팩 공구합니다.,극소수 순대 국밥 15팩 5명 공구합니다.,5,CLOSED,서울특별시 서대문구 이화여대길 52,37.56446452,126.9502888,2025-06-20,2025-06-13 22:00,2025-06-13 22:00,191,160
161,장신몰 순대 국밥 15팩 공구합니다.,장신몰 순대 국밥 15팩 15명 공구합니다.,15,COMPLETED,서울특별시 중구 세종대로 99,37.56608683,126.9737258,2025-06-20,2025-06-13 22:00,2025-06-13 22:00,33,161
162,CJ 비비고 국 탕 8종 세트 5팩 공구합니다.,CJ 비비고 국 탕 8종 세트 5팩 5명 공구합니다.,5,CLOSED,서울특별시 종로구 사직로 161,37.57590409,126.9768421,2025-06-20,2025-06-13 22:00,2025-06-13 22:00,130,162
163,예찬원 동결건조 블럭국 10종 10팩 공구합니다.,예찬원 동결건조 블럭국 10종 10팩 10명 공구합니다.,10,COMPLETED,서울특별시 종로구 계동길 37,37.57908833,126.9862761,2025-06-20,2025-06-13 22:00,2025-06-13 22:00,161,163
164,단백질 닭가슴살 냉동 도시락 15팩 공구합니다.,단백질 닭가슴살 냉동 도시락 15팩 5명 공구합니다.,5,OPEN,서울특별시 중구 을지로 281,37.56804459,127.0108904,2025-06-20,2025-06-13 22:00,2025-06-13 22:00,109,164
165,맛있는 다이어트 도시락 60팩 공구합니다.,맛있는 다이어트 도시락 60팩 12명 공구합니다.,12,CLOSED,서울특별시 용산구 이태원로 29,37.53731405,126.9784661,2025-06-20,2025-06-13 22:00,2025-06-13 22:00,119,165
166,저당 다이어트식단 도시락 120팩 공구합니다.,저당 다이어트식단 도시락 120팩 10명 공구합니다.,10,CLOSING_SOON,서울특별시 서대문구 연세로 50,37.56605084,126.9439162,2025-06-20,2025-06-13 22:00,2025-06-13 22:00,79,166
167,단백질 미용식 냉동 도시락 36팩 공구합니다.,단백질 미용식 냉동 도시락 36팩 6명 공구합니다.,6,CLOSING_SOON,서울특별시 중구 을지로 42,37.56605095,126.9823729,2025-06-20,2025-06-13 22:00,2025-06-13 22:00,115,167
168,햇반 120개 공구합니다.,햇반 120개 6명 공구합니다.,6,COMPLETED,서울특별시 마포구 양화로 55,37.55011521,126.9146382,2025-06-20,2025-06-13 22:00,2025-06-13 22:00,132,168
169,CJ 햇반 발아현미밥 130g 240개 공구합니다.,CJ 햇반 발아현미밥 130g 240개 12명 공구합니다.,12,OPEN,서울특별시 서대문구 통일로 251,37.57460851,126.9556118,2025-06-20,2025-06-13 22:00,2025-06-13 22:00,153,169
170,허닭 닭가슴살 곤약볶음밥 50팩 공구합니다.,허닭 닭가슴살 곤약볶음박 50팩 10명 공구합니다.,10,OPEN,서울특별시 종로구 창경궁로 88,37.57011963,126.999799,2025-06-20,2025-06-13 22:00,2025-06-13 22:00,13,170
171,오뚜기밥 210g 180개 공구합니다.,오뚜기밥 210g 180개 10명 공구합니다.,10,CLOSED,서울특별시 종로구 사직로 161,37.57590409,126.9768421,2025-06-20,2025-06-13 22:00,2025-06-13 22:00,31,171
172,CJ 햇반 210g 180개 공구합니다.,CJ 햇반 210g 180개 9명 공구합니다.,9,COMPLETED,서울특별시 용산구 이태원로55길 60-16,37.53846127,126.9992941,2025-06-20,2025-06-13 22:00,2025-06-13 22:00,97,172
173,얇은 수제 국산 현미누룽지 30팩 공구합니다.,얇은 수제 국산 현미누룽지 30팩 6명 공구합니다.,6,OPEN,서울특별시 마포구 포은로8길 14,37.55624,126.905628,2025-06-20,2025-06-13 22:00,2025-06-13 22:00,116,173
174,현미 누룽지 55봉 공구합니다.,현미 누룽지 55봉 11명 공구합니다.,11,CLOSING_SOON,서울특별시 종로구 인사동길,37.57341308,126.9857711,2025-06-20,2025-06-13 22:00,2025-06-13 22:00,109,174
175,안정임 수제 가마솥누룽지 400g 10개 공구합니다.,안정임 수제 가마솥누룽지 400g 10개 5명 공구합니다.,5,CLOSING_SOON,서울특별시 중구 통일로 1,37.55604085,126.9715945,2025-06-20,2025-06-13 22:00,2025-06-13 22:00,161,175
176,오뚜기 옛날 구수한 누룽지 90봉 공구합니다.,오뚜기 옛날 구수한 누룽지 90봉 9명 공구합니다.,9,OPEN,서울특별시 마포구 하늘공원로 95,37.56907948,126.8863184,2025-06-20,2025-06-13 22:00,2025-06-13 22:00,13,176
177,국산 화덕 수제 누룽지 600g 10개 공구합니다.,국산 화덕 수제 누룽지 600g 10개 5명 공구합니다.,5,COMPLETED,서울특별시 마포구 마포대로 100,37.54452679,126.9513638,2025-06-20,2025-06-13 22:00,2025-06-13 22:00,132,177
178,샐러드미인 에그포테이토 샐러드 1kg 12팩 공구합니다.,샐러드미인 에그포테이토 샐러드 1kg 12팩 6명 공구합니다.,6,COMPLETED,서울특별시 종로구 율곡로 59,37.57687605,126.9857464,2025-06-20,2025-06-13 22:00,2025-06-13 22:00,119,178
179,농심 신라면 120g 100개 공구합니다.,농심 신라면 120g 100개 10명 공구합니다.,10,COMPLETED,서울특별시 중구 동호로 249,37.55750551,127.0079529,2025-06-20,2025-06-13 22:00,2025-06-13 22:00,19,179
180,농심 신라면 120g 180개 공구합니다.,농심 신라면 120g 180개 9명 공구합니다.,9,CLOSING_SOON,서울특별시 용산구 녹사평대로 195,37.53483142,126.9870285,2025-06-20,2025-06-13 22:00,2025-06-13 22:00,149,180
181,농심 신라면 120g 160개 공구합니다.,농심 신라면 120g 160개 8명 공구합니다.,8,OPEN,서울특별시 서대문구 신촌로 177,37.5570468,126.9456034,2025-06-20,2025-06-13 22:00,2025-06-13 22:00,99,181
182,농심 육개장 김치 사발면 24개 공구합니다.,농심 육개장 김치 사발면 24개 8명 공구합니다.,8,CLOSED,서울특별시 서대문구 신촌역로 22-5,37.55890633,126.9430386,2025-06-20,2025-06-13 22:00,2025-06-13 22:00,13,182
183,팔도 왕뚜껑 110g 180개 공구합니다.,팔도 왕뚜껑 110g 180개 10명 공구합니다.,10,CLOSED,서울특별시 서대문구 통일로 344,37.58127279,126.9514397,2025-06-20,2025-06-13 22:00,2025-06-13 22:00,4,183
184,작은컵 사발면 4종 24개 공구합니다.,작은컵 사발면 4종 24개 6명 공구합니다.,6,CLOSED,서울특별시 종로구 우정국로 55,37.57389314,126.9818817,2025-06-20,2025-06-13 22:00,2025-06-13 22:00,33,184
185,맛찬들 쫄면사리 2kg 3개 공구합니다.,맛찬들 쫄면사리 2kg 3개 3명 공구합니다.,3,COMPLETED,서울특별시 용산구 남산공원길 105,37.55112257,126.9878678,2025-06-20,2025-06-13 22:00,2025-06-13 22:00,130,185
186,보영만두 쫄면 2인분 6개 공구합니다.,보영만두 쫄면 2인분 6개 6명 공구합니다.,6,OPEN,서울특별시 용산구 한강대로 100,37.52879118,126.9686736,2025-06-20,2025-06-13 22:00,2025-06-13 22:00,143,186
187,나드리 양념쫄면 2인분 4개 공구합니다.,나드리 양념쫄면 2인분 4개 4명 공구합니다.,4,OPEN,서울특별시 서대문구 이화여대길 52,37.56446452,126.9502888,2025-06-20,2025-06-13 22:00,2025-06-13 22:00,13,187
188,면사랑 동치미 냉면육수 2.1kg 4팩 공구합니다.,면사랑 동치미 냉면육수 2.1kg 4팩 4명 공구합니다.,4,OPEN,서울특별시 종로구 율곡로 99,37.57886973,126.9897103,2025-06-20,2025-06-13 22:00,2025-06-13 22:00,32,188
189,더매운 해주냉면 밀키트 6키트 공구합니다.,더매운 해주냉면 밀키트 6키트 3명 공구합니다.,3,CLOSED,서울특별시 서대문구 봉원사길 120,37.57235344,126.9469448,2025-06-20,2025-06-13 22:00,2025-06-13 22:00,199,189
190,바네띠 터키 스파게티면 500g 6개 공구합니다.,바네띠 터키 스파게티면 500g 6개 3명 공구합니다.,3,COMPLETED,서울특별시 마포구 양화로 165,37.55713067,126.9236162,2025-06-20,2025-06-13 22:00,2025-06-13 22:00,132,190
191,가로팔로 스파게티면 500g 8개 공구합니다.,가로팔로 스파게티면 500g 8개 4명 공구합니다.,4,CLOSED,서울특별시 중구 을지로 281,37.56804459,127.0108904,2025-06-20,2025-06-13 22:00,2025-06-13 22:00,116,191
192,디벨라 스파게티면 500g 8개 공구합니다.,디벨라 스파게티면 500g 8개 8명 공구합니다.,8,CLOSING_SOON,서울특별시 용산구 이태원로 29,37.53731405,126.9784661,2025-06-20,2025-06-13 22:00,2025-06-13 22:00,13,192
193,그라노로 유기농 통밀 스파게티면 500g 6개 공구합니다.,그라노로 유기농 통밀 스파게티면 500g 6개 3명 공구합니다.,3,COMPLETED,서울특별시 서대문구 신촌로 90,37.55544179,126.9361192,2025-06-20,2025-06-13 22:00,2025-06-13 22:00,13,193
194,커클랜드 엑스트라버진 올리브유 1L 5개 공구합니다.,커클랜드 엑스트라버진 올리브유 1L 5개 5명 공구합니다.,5,CLOSED,서울특별시 용산구 남산공원길 105,37.55112257,126.9878678,2025-06-20,2025-06-13 22:00,2025-06-13 22:00,31,194
195,올리타리아 유기농 올리브오일 1L 6개 공구합니다.,올리타리아 유기농 올리브오일 1L 6개 3명 공구합니다.,3,CLOSING_SOON,서울특별시 마포구 하늘공원로 95,37.56907948,126.8863184,2025-06-20,2025-06-13 22:00,2025-06-13 22:00,130,195
196,노브랜드 엑스트라버진 올리브유 1L 4개 공구합니다.,노브랜드 엑스트라버진 올리브유 1L 4개 4명 공구합니다.,4,COMPLETED,서울특별시 용산구 서빙고로 137,37.52470224,126.9777402,2025-06-20,2025-06-13 22:00,2025-06-13 22:00,16,196
197,유기농 엑스트라버진 올리브유 250ml 13개 공구합니다.,유기농 엑스트라버진 올리브유 250ml 13개 13명 공구합니다.,13,CLOSED,서울특별시 중구 명동길 74,37.56367587,126.9867758,2025-06-20,2025-06-13 22:00,2025-06-13 22:00,132,197
198,어니스트 유기농 코코넛오일 500ml 8개 공구합니다.,어니스트 유기농 코코넛오일 500ml 8개 8명 공구합니다.,8,CLOSING_SOON,서울특별시 서대문구 통일로 251,37.57460851,126.9556118,2025-06-20,2025-06-13 22:00,2025-06-13 22:00,32,198
199,초슨푸드 아보카도오일 1L 7개 공구합니다.,초슨푸드 아보카도오일 1L 7개 7명 공구합니다.,7,OPEN,서울특별시 종로구 세종대로 172,37.57162282,126.976788,2025-06-20,2025-06-13 22:00,2025-06-13 22:00,13,199
200,아보퍼시픽 엑스트라버진 아보카도오일 1L 6개 공구합니다.,아보퍼시픽 엑스트라버진 아보카도오일 1L 6개 6명 공구합니다.,6,CLOSING_SOON,서울특별시 중구 남대문시장4길 21,37.55918636,126.9776537,2025-06-20,2025-06-13 22:00,2025-06-13 22:00,16,200
201,냉압착 아보카도 오일 1L 6개 공구합니다.,냉압착 아보카도 오일 1L 6개 6명 공구합니다.,6,CLOSED,서울특별시 용산구 한강대로23길 55,37.5297718,126.9647415,2025-06-20,2025-06-13 22:00,2025-06-13 22:00,15,201
202,산 루카스 엑스트라버진 아보카도 오일 1L 6개 공구합니다.,산 루카스 엑스트라버진 아보카도 오일 1L 6개 6명 공구합니다.,6,OPEN,서울특별시 중구 세종대로 110,37.56637078,126.9779184,2025-06-20,2025-06-13 22:00,2025-06-13 22:00,14,202
203,코스트코 초슨푸드 아보카도 오일 1L 7개 공구합니다.,코스트코 초슨푸드 아보카도 오일 1L 7개 7명 공구합니다.,7,COMPLETED,서울특별시 중구 명동길 74,37.56367587,126.9867758,2025-06-20,2025-06-13 22:00,2025-06-13 22:00,32,203
204,해표 해바라기유 900ml 6개 공구합니다.,해표 해바라기유 900ml 6개 6명 공구합니다.,6,OPEN,서울특별시 서대문구 연세로 50,37.56605084,126.9439162,2025-06-20,2025-06-13 22:00,2025-06-13 22:00,49,204
205,바쏘 해바라기유 1L 4개 공구합니다.,바쏘 해바라기유 1L 4개 4명 공구합니다.,4,CLOSING_SOON,서울특별시 마포구 포은로8길 14,37.55624,126.905628,2025-06-20,2025-06-13 22:00,2025-06-13 22:00,49,205
206,백설 해바라기씨유 900ml 15개 공구합니다.,백설 해바라기씨유 900ml 15개 15명 공구합니다.,15,OPEN,서울특별시 중구 세종대로 99,37.56608683,126.9737258,2025-06-20,2025-06-13 22:00,2025-06-13 22:00,103,206
207,올리타리아 해바라기유 1L 6개 공구합니다.,올리타리아 해바라기유 1L 6개 6명 공구합니다.,6,CLOSING_SOON,서울특별시 서대문구 신촌로 177,37.5570468,126.9456034,2025-06-20,2025-06-13 22:00,2025-06-13 22:00,151,207
208,해표 카놀라유 900ml 12개 공구합니다.,해표 카놀라유 900ml 12개 12명 공구합니다.,12,CLOSING_SOON,서울특별시 용산구 서빙고로 137,37.52470224,126.9777402,2025-06-20,2025-06-13 22:00,2025-06-13 22:00,31,208
209,백설 카놀라유 500ml 12개 공구합니다.,백설 카놀라유 500ml 12개 6명 공구합니다.,6,CLOSING_SOON,서울특별시 마포구 양화로 55,37.55011521,126.9146382,2025-06-20,2025-06-13 22:00,2025-06-13 22:00,31,209
210,백설 카놀라유 900ml 4개 공구합니다.,백설 카놀라유 900ml 4개 4명 공구합니다.,4,CLOSING_SOON,서울특별시 서대문구 이화여대길 52,37.56446452,126.9502888,2025-06-20,2025-06-13 22:00,2025-06-13 22:00,32,210
211,동원 카놀라유 480ml 14개 공구합니다.,동원 카놀라유 480ml 14개 7명 공구합니다.,7,COMPLETED,서울특별시 종로구 창경궁로 88,37.57011963,126.999799,2025-06-20,2025-06-13 22:00,2025-06-13 22:00,119,211
212,해표 포도씨유 900ml 3개 공구합니다.,해표 포도씨유 900ml 3개 3명 공구합니다.,3,CLOSING_SOON,서울특별시 서대문구 연세로 50,37.56605084,126.9439162,2025-06-20,2025-06-13 22:00,2025-06-13 22:00,79,212
213,올리타리아 포도씨유 1L 20개 공구합니다.,올리타리아 포도씨유 1L 20개 5명 공구합니다.,5,COMPLETED,서울특별시 마포구 포은로8길 14,37.55624,126.905628,2025-06-20,2025-06-13 22:00,2025-06-13 22:00,13,213
214,백설 포도씨유 900ml 13개 공구합니다.,백설 포도씨유 900ml 13개 13명 공구합니다.,13,CLOSED,서울특별시 종로구 종로 129,37.5704266,126.9920293,2025-06-20,2025-06-13 22:00,2025-06-13 22:00,132,214
215,올리타리아 포도씨유 500ml 28개 공구합니다.,올리타리아 포도씨유 500ml 28개 7명 공구합니다.,7,CLOSING_SOON,서울특별시 중구 통일로 1,37.55604085,126.9715945,2025-06-20,2025-06-13 22:00,2025-06-13 22:00,132,215
216,폰타나 포도씨유 500ml 24개 공구합니다.,폰타나 포도씨유 500ml 24개 6명 공구합니다.,6,COMPLETED,서울특별시 서대문구 통일로 247,37.57441036,126.9577503,2025-06-20,2025-06-13 22:00,2025-06-13 22:00,32,216
217,100% 아몬드가루 1kg 9포대 공구합니다.,100% 아몬드가루 1kg 9포대 9명 공구합니다.,9,CLOSED,서울특별시 마포구 마포대로 100,37.54452679,126.9513638,2025-06-20,2025-06-13 22:00,2025-06-13 22:00,138,217
218,커클랜드 아몬드 가루 1.36kg 7포대 공구합니다.,커클랜드 아몬드 가루 1.36kg 7포대 7명 공구합니다.,7,CLOSED,서울특별시 마포구 포은로8길 14,37.55624,126.905628,2025-06-20,2025-06-13 22:00,2025-06-13 22:00,14,218
219,대한제당 푸드림 아몬드분말 1kg 9포대 공구합니다.,대한제당 푸드림 아몬드분말 1kg 9포대 9명 공구합니다.,9,COMPLETED,서울특별시 종로구 율곡로 59,37.57687605,126.9857464,2025-06-20,2025-06-13 22:00,2025-06-13 22:00,79,219
220,풀그린 아몬드가루 1kg 8포대 공구합니다.,풀그린 아몬드가루 1kg 8포대 8명 공구합니다.,8,CLOSING_SOON,서울특별시 용산구 녹사평대로 195,37.53483142,126.9870285,2025-06-20,2025-06-13 22:00,2025-06-13 22:00,138,220
221,풀그린 아몬드파우더 1kg 7포대 공구합니다.,풀그린 아몬드파우더 1kg 7포대 7명 공구합니다.,7,CLOSING_SOON,서울특별시 중구 동호로 249,37.55750551,127.0079529,2025-06-20,2025-06-13 22:00,2025-06-13 22:00,191,221
222,햇쌀마루 박력 쌀가루 1kg 15포대 공구합니다.,햇쌀마루 박력 쌀가루 1kg 15포대 5명 공구합니다.,5,OPEN,서울특별시 서대문구 신촌로 177,37.5570468,126.9456034,2025-06-20,2025-06-13 22:00,2025-06-13 22:00,19,222
223,햇쌀마루 박력 쌀가루 3kg 3포대 공구합니다.,햇쌀마루 박력 쌀가루 3kg 3포대 3명 공구합니다.,3,OPEN,서울특별시 서대문구 봉원사길 120,37.57235344,126.9469448,2025-06-20,2025-06-13 22:00,2025-06-13 22:00,153,223
224,라이스파이 습식 쌀가루 1kg 6포대 공구합니다.,라이스파이 습식 쌀가루 1kg 6포대 6명 공구합니다.,6,COMPLETED,서울특별시 서대문구 신촌역로 22-5,37.55890633,126.9430386,2025-06-20,2025-06-13 22:00,2025-06-13 22:00,153,224
225,국산 냉동 습식 찹쌀가루 5kg 7포대 공구합니다.,국산 냉동 습식 찹쌀가루 5kg 7포대 7명 공구합니다.,7,CLOSED,서울특별시 용산구 녹사평대로 195,37.53483142,126.9870285,2025-06-20,2025-06-13 22:00,2025-06-13 22:00,119,225
226,잇템 국산 찹쌀가루 1kg 6포대 공구합니다.,잇템 국산 찹쌀가루 1kg 6포대 3명 공구합니다.,3,OPEN,서울특별시 서대문구 통일로 344,37.58127279,126.9514397,2025-06-20,2025-06-13 22:00,2025-06-13 22:00,153,226
227,이가네곳간 국내산 찹쌀가루 1kg 4포대 공구합니다.,이가네곳간 국내산 찹쌀가루 1kg 4포대 4명 공구합니다.,4,COMPLETED,서울특별시 중구 남대문로 39,37.5625152,126.9797235,2025-06-20,2025-06-13 22:00,2025-06-13 22:00,16,227
228,산과들 건식 찹쌀가루 1kg 4포대 공구합니다.,산과들 건식 찹쌀가루 1kg 4포대 4명 공구합니다.,4,CLOSING_SOON,서울특별시 마포구 월드컵로 240,37.56828845,126.897273,2025-06-20,2025-06-13 22:00,2025-06-13 22:00,116,228
229,불린습식찹쌀가루 1KG 8포대 공구합니다.,불린습식찹쌀가루 1KG 8포대 4명 공구합니다.,4,OPEN,서울특별시 용산구 서빙고로 137,37.52470224,126.9777402,2025-06-20,2025-06-13 22:00,2025-06-13 22:00,115,229
230,우리밀 백밀가루 3kg 9포대 공구합니다.,우리밀 백밀가루 3kg 9포대 9명 공구합니다.,9,CLOSED,서울특별시 종로구 율곡로 99,37.57886973,126.9897103,2025-06-20,2025-06-13 22:00,2025-06-13 22:00,16,230
231,다목적 박력밀가루 1kg 15포대 공구합니다.,다목적 박력밀가루 1kg 15포대 5명 공구합니다.,5,OPEN,서울특별시 서대문구 봉원사길 120,37.57235344,126.9469448,2025-06-20,2025-06-13 22:00,2025-06-13 22:00,116,231
232,곰표 중력 밀가루 2.5kg 24포대 공구합니다.,곰표 중력 밀가루 2.5kg 24포대 12명 공구합니다.,12,OPEN,서울특별시 종로구 율곡로 99,37.57886973,126.9897103,2025-06-20,2025-06-13 22:00,2025-06-13 22:00,132,232
233,곰표 튀김가루 1kg 9포대 공구합니다.,곰표 튀김가루 1kg 9포대 3명 공구합니다.,3,COMPLETED,서울특별시 서대문구 통일로 251,37.57460851,126.9556118,2025-06-20,2025-06-13 22:00,2025-06-13 22:00,119,233
234,노브랜드 치킨튀김가루 500g 7포대 공구합니다.,노브랜드 치킨튀김가루 500g 7포대 7명 공구합니다.,7,OPEN,서울특별시 마포구 양화로 55,37.55011521,126.9146382,2025-06-20,2025-06-13 22:00,2025-06-13 22:00,189,234
235,사조 바삭한 튀김가루 1kg 10포대 공구합니다.,사조 바삭한 튀김가루 1kg 10포대 5명 공구합니다.,5,CLOSED,서울특별시 중구 남대문로 39,37.5625152,126.9797235,2025-06-20,2025-06-13 22:00,2025-06-13 22:00,119,235
236,백설 바삭한 튀김가루 1kg 15포대 공구합니다.,백설 바삭한 튀김가루 1kg 15포대 15명 공구합니다.,15,OPEN,서울특별시 서대문구 신촌로 90,37.55544179,126.9361192,2025-06-20,2025-06-13 22:00,2025-06-13 22:00,103,236
237,동원 살코기참치 100g 10개 공구합니다.,동원 살코기참치 100g 10개 10명 공구합니다.,10,CLOSED,서울특별시 마포구 양화로 165,37.55713067,126.9236162,2025-06-20,2025-06-13 22:00,2025-06-13 22:00,15,237
238,동원참치 스프레드 고소마요 20개 공구합니다.,동원참치 스프레드 고소마요 20개 10명 공구합니다.,10,COMPLETED,서울특별시 용산구 녹사평대로 195,37.53483142,126.9870285,2025-06-20,2025-06-13 22:00,2025-06-13 22:00,185,238
239,동원맛참 고소참기름맛 10개 공구합니다.,동원맛참 고소참기름맛 10개 5명 공구합니다.,5,CLOSING_SOON,서울특별시 종로구 우정국로 55,37.57389314,126.9818817,2025-06-20,2025-06-13 22:00,2025-06-13 22:00,115,239
240,동원 튜나페 고소마요 129g 11개 공구합니다.,동원 튜나페 고소마요 129g 11개 11명 공구합니다.,11,CLOSED,서울특별시 서대문구 연세로 50,37.56605084,126.9439162,2025-06-20,2025-06-13 22:00,2025-06-13 22:00,115,240
241,동원맛참 매콤참기름맛 60개 공구합니다.,동원맛참 매콤참기름맛 60개 10명 공구합니다.,10,CLOSED,서울특별시 종로구 종로 129,37.5704266,126.9920293,2025-06-20,2025-06-13 22:00,2025-06-13 22:00,15,241
242,유동 고등어 꽁치 통조림 12개 공구합니다.,유동 고등어 꽁치 통조림 12개 6명 공구합니다.,6,COMPLETED,서울특별시 중구 퇴계로 123,37.5612659,126.9853643,2025-06-20,2025-06-13 22:00,2025-06-13 22:00,116,242
243,펭귄 꽁치 고등어 통조림 50개 공구합니다.,펭귄 꽁치 고등어 통조림 50개 5명 공구합니다.,5,OPEN,서울특별시 서대문구 신촌로 90,37.55544179,126.9361192,2025-06-20,2025-06-13 22:00,2025-06-13 22:00,79,243
244,동원 자연산 고등어 꽁치 통조림 15개 공구합니다.,동원 자연산 고등어 꽁치 통조림 15개 5명 공구합니다.,5,OPEN,서울특별시 중구 명동길 74,37.56367587,126.9867758,2025-06-20,2025-06-13 22:00,2025-06-13 22:00,199,244
245,동원 꽁치 통조림 300g 5개 8세트 공구합니다.,동원 꽁치 통조림 300g 5개 8세트 4명 공구합니다.,4,CLOSED,서울특별시 용산구 이태원로 29,37.53731405,126.9784661,2025-06-20,2025-06-13 22:00,2025-06-13 22:00,4,245
246,샘표 꽁치 고등어 통조림 4개 5세트 공구합니다.,샘표 꽁치 고등어 통조림 4개 5세트 5명 공구합니다.,5,CLOSING_SOON,서울특별시 종로구 세종대로 172,37.57162282,126.976788,2025-06-20,2025-06-13 22:00,2025-06-13 22:00,103,246
247,동원 자연산꼬막 280G 13개 공구합니다.,동원 자연산꼬막 280G 13개 13명 공구합니다.,13,OPEN,서울특별시 종로구 사직로 161,37.57590409,126.9768421,2025-06-20,2025-06-13 22:00,2025-06-13 22:00,31,247
248,동원 자연산꼬막 통조림 280G 12개 공구합니다.,동원 자연산꼬막 통조림 280G 12개 4명 공구합니다.,4,OPEN,서울특별시 용산구 이태원로 29,37.53731405,126.9784661,2025-06-20,2025-06-13 22:00,2025-06-13 22:00,153,248
249,노브랜드 영덕대게딱지장 90g 15개 공구합니다.,노브랜드 영덕대게딱지장 90g 15개 3명 공구합니다.,3,CLOSING_SOON,서울특별시 중구 세종대로 110,37.56637078,126.9779184,2025-06-20,2025-06-13 22:00,2025-06-13 22:00,109,249
250,삼포 자연산 골뱅이 48캔 1세트 공구합니다.,삼포 자연산 골뱅이 48캔 1세트 12명 공구합니다.,12,OPEN,서울특별시 용산구 서빙고로 137,37.52470224,126.9777402,2025-06-20,2025-06-13 22:00,2025-06-13 22:00,163,250
251,동원참치 4종 12캔 공구합니다.,동원참치 4종 12캔 6명 공구합니다.,6,OPEN,서울특별시 중구 명동길 74,37.56367587,126.9867758,2025-06-20,2025-06-13 22:00,2025-06-13 22:00,132,251
252,사조오양 페파로니 1kg 11개 공구합니다.,사조오양 페파로니 1kg 11개 11명 공구합니다.,11,CLOSING_SOON,서울특별시 중구 세종대로 99,37.56608683,126.9737258,2025-06-20,2025-06-13 22:00,2025-06-13 22:00,115,252
253,CJ 스팸 클래식 200g 15개 공구합니다.,CJ 스팸 클래식 200g 15개 5명 공구합니다.,5,CLOSING_SOON,서울특별시 중구 남대문시장4길 21,37.55918636,126.9776537,2025-06-20,2025-06-13 22:00,2025-06-13 22:00,138,253
254,목우촌 주부9단 살코기햄 12개 공구합니다.,목우촌 주부9단 살코기햄 12개 6명 공구합니다.,6,CLOSED,서울특별시 마포구 마포대로 100,37.54452679,126.9513638,2025-06-20,2025-06-13 22:00,2025-06-13 22:00,48,254
255,소금집 잠봉 슬라이스 햄 13개 공구합니다.,소금집 잠봉 슬라이스 햄 13개 13명 공구합니다.,13,OPEN,서울특별시 중구 을지로 281,37.56804459,127.0108904,2025-06-20,2025-06-13 22:00,2025-06-13 22:00,109,255
256,사조오양 부대찌개 모듬햄 1kg 13개 공구합니다.,사조오양 부대찌개 모듬햄 1kg 13개 11명 공구합니다.,11,COMPLETED,서울특별시 용산구 남산공원길 105,37.55112257,126.9878678,2025-06-20,2025-06-13 22:00,2025-06-13 22:00,109,256
257,오뚜기 스위트콘 340g 15개 공구합니다.,오뚜기 스위트콘 340g 15개 3명 공구합니다.,3,COMPLETED,서울특별시 종로구 계동길 37,37.57908833,126.9862761,2025-06-20,2025-06-13 22:00,2025-06-13 22:00,115,257
258,태국 스위트콘 2.95kg 15개 공구합니다.,태국 스위트콘 2.95kg 15개 15명 공구합니다.,15,CLOSING_SOON,서울특별시 중구 세종대로 99,37.56608683,126.9737258,2025-06-20,2025-06-13 22:00,2025-06-13 22:00,149,258
259,리치스 홀 커널 스위트콘 2.95kg 15개 공구합니다.,리치스 홀 커널 스위트콘 2.95kg 15개 15명 공구합니다.,15,CLOSED,서울특별시 서대문구 이화여대길 52,37.56446452,126.9502888,2025-06-20,2025-06-13 22:00,2025-06-13 22:00,163,259
260,동원 골든 스위트콘 340g 15개 공구합니다.,동원 골든 스위트콘 340g 15개 3명 공구합니다.,3,CLOSED,서울특별시 종로구 창경궁로 88,37.57011963,126.999799,2025-06-20,2025-06-13 22:00,2025-06-13 22:00,132,260
261,리치스 홀 커널 스위트콘 425g 15개 공구합니다.,리치스 홀 커널 스위트콘 425g 15개 5명 공구합니다.,5,COMPLETED,서울특별시 마포구 포은로8길 14,37.55624,126.905628,2025-06-20,2025-06-13 22:00,2025-06-13 22:00,119,261
262,파우딘 셰프나이프 5개 공구합니다.,파우딘 셰프나이프 5개 5명 공구합니다.,5,CLOSING_SOON,서울특별시 중구 통일로 1,37.55604085,126.9715945,2025-06-20,2025-06-13 22:00,2025-06-13 22:00,149,262
263,펀리빙 다마스커스 주합니다.칼 3개 공구합니다.,펀리빙 다마스커스 주합니다.칼 3개 3명 공구합니다.,3,CLOSED,서울특별시 서대문구 신촌로 90,37.55544179,126.9361192,2025-06-20,2025-06-13 22:00,2025-06-13 22:00,19,263
264,조상진 명인 사시미칼 7개 공구합니다.,조상진 명인 사시미칼 7개 7명 공구합니다.,7,OPEN,서울특별시 마포구 하늘공원로 95,37.56907948,126.8863184,2025-06-20,2025-06-13 22:00,2025-06-13 22:00,130,264
265,다마스커스 규토 나이프 21cm 4개 공구합니다.,다마스커스 규토 나이프 21cm 4개 4명 공구합니다.,4,COMPLETED,서울특별시 마포구 마포대로 100,37.54452679,126.9513638,2025-06-20,2025-06-13 22:00,2025-06-13 22:00,119,265
266,대한민국 칼 명장 식도 3개 공구합니다.,대한민국 칼 명장 식도 3개 3명 공구합니다.,3,COMPLETED,서울특별시 서대문구 통일로 247,37.57441036,126.9577503,2025-06-20,2025-06-13 22:00,2025-06-13 22:00,116,266
267,친환경 대나무 도마 7개 공구합니다.,친환경 대나무 도마 7개 7명 공구합니다. ,7,OPEN,서울특별시 종로구 율곡로 59,37.57687605,126.9857464,2025-06-20,2025-06-13 22:00,2025-06-13 22:00,138,267
268,수제 리코타 치즈 5개 공구합니다.,수제 리코타 치즈 10개 5명 공구합니다.,5,OPEN,서울특별시 중구 동호로 249,37.55750551,127.0079529,2025-06-20,2025-06-13 22:00,2025-06-13 22:00,138,268
269,포근한 극세사 담요 11개 공구합니다.,포근한 극세사 담요 11명 11명 공구합니다.,11,CLOSING_SOON,서울특별시 중구 을지로 42,37.56605095,126.9823729,2025-06-20,2025-06-13 22:00,2025-06-13 22:00,189,269
270,친환경 대나무 칫솔 3개 공구합니다.,친환경 대나무 칫솟 12개 3명 공구합니다.,3,CLOSED,서울특별시 용산구 한강대로23길 55,37.5297718,126.9647415,2025-06-20,2025-06-13 22:00,2025-06-13 22:00,130,270
271,스마트 디지털 체중계 15개 공구합니다.,스마트 디지털 체중계 15개 15명 공구합니다.,15,CLOSED,서울특별시 마포구 월드컵로 240,37.56828845,126.897273,2025-06-20,2025-06-13 22:00,2025-06-13 22:00,153,271
272,제주 흑돼지 돈까스 세트 13개 공구합니다.,제주 흑돼지 돈까스 세트 13세트 13명 공구합니다.,13,OPEN,서울특별시 서대문구 신촌역로 22-5,37.55890633,126.9430386,2025-06-20,2025-06-13 22:00,2025-06-13 22:00,185,272
273,자연유래성분 주합니다.세제 3개 공구합니다.,자연유래성분 주합니다.세재 9개 3명 공구합니다.,3,CLOSING_SOON,서울특별시 서대문구 통일로 344,37.58127279,126.9514397,2025-06-20,2025-06-13 22:00,2025-06-13 22:00,15,273
274,전문가용 와인 오프너 세트 3개 공구합니다.,전문가용 와인 오프너 세트 6세트 3명 공구합니다.,3,CLOSED,서울특별시 서대문구 봉원사길 120,37.57235344,126.9469448,2025-06-20,2025-06-13 22:00,2025-06-13 22:00,163,274
275,북유럽풍 패브릭 포스터 7개 공구합니다.,북유럽풍 패브릭 포스터 14개 7명 공구합니다.,7,CLOSED,서울특별시 용산구 한강대로 100,37.52879118,126.9686736,2025-06-20,2025-06-13 22:00,2025-06-13 22:00,153,275
276,전통합니다.식 메주 된장 4개 공구합니다.,전통합니다.식 메주 된장 4개 4명 공구합니다.,4,CLOSED,서울특별시 서대문구 신촌로 177,37.5570468,126.9456034,2025-06-20,2025-06-13 22:00,2025-06-13 22:00,32,276
277,우리밀로 만든 옛날 약과 11개 공구합니다.,우리밀로 만든 옛날 약과 11개 11명 공구합니다.,11,CLOSING_SOON,서울특별시 용산구 서빙고로 137,37.52470224,126.9777402,2025-06-20,2025-06-13 22:00,2025-06-13 22:00,16,277
278,호텔식 고중량 순면 수건 세트 10세트 공구합니다.,호텔식 고중량 순면 수건 세트 10세트 5명 공구합니다.,5,COMPLETED,서울특별시 서대문구 봉원사길 120,37.57235344,126.9469448,2025-06-20,2025-06-13 22:00,2025-06-13 22:00,151,278
279,완도 활전복 5개 공구합니다.,완도 활전복 5개 5명 공구합니다.,5,CLOSING_SOON,서울특별시 마포구 월드컵로 240,37.56828845,126.897273,2025-06-20,2025-06-13 22:00,2025-06-13 22:00,19,279
280,모던 욕실 디스펜서 세트 7세트 공구합니다.,모던 욕실 디스펜서 세트 7세트 7명 공구합니다.,7,OPEN,서울특별시 종로구 율곡로 99,37.57886973,126.9897103,2025-06-20,2025-06-13 22:00,2025-06-13 22:00,153,280
281,아삭이 풋고추 11개 공구합니다.,아삭이 풋고추 11개 11명 공구합니다.,11,CLOSED,서울특별시 중구 남대문시장4길 21,37.55918636,126.9776537,2025-06-20,2025-06-13 22:00,2025-06-13 22:00,132,281
282,프리미엄 수제 소시지 모듬 9개 공구합니다.,프리미엄 수제 소시지 모듬 9개 3명 공구합니다.,3,CLOSING_SOON,서울특별시 서대문구 신촌로 90,37.55544179,126.9361192,2025-06-20,2025-06-13 22:00,2025-06-13 22:00,163,282
283,다용도 베이킹소다 13개 공구합니다.,다용도 베이킹소다 13개 13명 공구합니다.,13,COMPLETED,서울특별시 중구 을지로 281,37.56804459,127.0108904,2025-06-20,2025-06-13 22:00,2025-06-13 22:00,199,283
284,저염 명란젓 15개 공구합니다.,저염 명란젓 15개 5명 공구합니다.,5,CLOSING_SOON,서울특별시 마포구 동교로 233,37.56095882,126.924025,2025-06-20,2025-06-13 22:00,2025-06-13 22:00,185,284
285,무항생제 닭가슴살 10개 공구합니다.,무항생제 닭가슴살 10개 5명 공구합니다.,5,OPEN,서울특별시 용산구 한강대로23길 55,37.5297718,126.9647415,2025-06-20,2025-06-13 22:00,2025-06-13 22:00,19,285
286,먼지제거 돌돌이 클리너 14개 공구합니다.,먼지제거 돌돌이 클리너 14개 7명 공구합니다.,7,CLOSING_SOON,서울특별시 마포구 하늘공원로 95,37.56907948,126.8863184,2025-06-20,2025-06-13 22:00,2025-06-13 22:00,19,286
287,GAP 인증 꿀고구마 9개 공구합니다.,GAP 인증 꿀고구마 9개 3명 공구합니다.,3,OPEN,서울특별시 용산구 이태원로 29,37.53731405,126.9784661,2025-06-20,2025-06-13 22:00,2025-06-13 22:00,161,287
288,수제 레몬생강청 8개 공구합니다.,수제 레몬 생강청 8개 4명 공구합니다.,4,OPEN,서울특별시 중구 명동길 74,37.56367587,126.9867758,2025-06-20,2025-06-13 22:00,2025-06-13 22:00,116,288
289,다용도 만능 채칼 세트 12개 공구합니다.,다용도 만능 채칼 세트 12개 6명 공구합니다.,6,CLOSED,서울특별시 용산구 서빙고로 137,37.52470224,126.9777402,2025-06-20,2025-06-13 22:00,2025-06-13 22:00,16,289
290,고농축 천연 섬유유연제 11개 공구합니다.,고농축 천영 섬유유연제 11개 11명 공구합니다.,11,CLOSING_SOON,서울특별시 종로구 세종대로 172,37.57162282,126.976788,2025-06-20,2025-06-13 22:00,2025-06-13 22:00,116,290
291,우리쌀로 만든 떡볶이 밀키트 10개 공구합니다.,우리쌀로 만든 떡볶이 밀키트 10개 5명 공구합니다.,5,CLOSED,서울특별시 용산구 남산공원길 105,37.55112257,126.9878678,2025-06-20,2025-06-13 22:00,2025-06-13 22:00,49,291
292,통영 생굴 6개 공구합니다.,통영 생굴 6개 6명 공구합니다.,6,COMPLETED,서울특별시 마포구 양화로 165,37.55713067,126.9236162,2025-06-20,2025-06-13 22:00,2025-06-13 22:00,13,292
293,다용도 수납 정리함 세트 14세트 공구합니다.,다용도 수납 정리함 세트 14세트 14명 공구합니다.,14,OPEN,서울특별시 종로구 사직로 161,37.57590409,126.9768421,2025-06-20,2025-06-13 22:00,2025-06-13 22:00,109,293
294,흡수력 좋은 규조토 발매트 11개 공구합니다.,흡수력 좋은 규조토 발매트 11개 11명 공구합니다.,11,CLOSING_SOON,서울특별시 중구 세종대로 110,37.56637078,126.9779184,2025-06-20,2025-06-13 22:00,2025-06-13 22:00,163,294
295,새콤달콤 체리 13개 공구합니다.,새콤달콤 체리 13개 13명 공구합니다.,13,OPEN,서울특별시 중구 퇴계로 123,37.5612659,126.9853643,2025-06-20,2025-06-13 22:00,2025-06-13 22:00,153,295
296,노르웨이산 훈제 연어 슬라이스 12개 공구합니다.,노르웨이산 훈제 연어 슬라이스 12개 4명 공구합니다.,4,COMPLETED,서울특별시 중구 세종대로 99,37.56608683,126.9737258,2025-06-20,2025-06-13 22:00,2025-06-13 22:00,151,296
297,자석식 칼 거치대 8개 공구합니다.,자석식 칼 거치대 8개 4명 공구합니다.,4,CLOSED,서울특별시 용산구 이태원로 167,37.53459052,126.9925494,2025-06-20,2025-06-13 22:00,2025-06-13 22:00,115,297
298,아삭한 파프리카 세트 10세트 공구합니다.,아삭한 파프리카 세트 10세트 5명 공구합니다.,5,CLOSED,서울특별시 마포구 양화로 165,37.55713067,126.9236162,2025-06-20,2025-06-13 22:00,2025-06-13 22:00,115,298
299,컴팩트 사이즈 물걸레 청소기 3개 공구합니다.,컴팩트 사이즈 물걸레 청소기 3개 3명 공구합니다.,3,CLOSED,서울특별시 서대문구 연세로 50,37.56605084,126.9439162,2025-06-20,2025-06-13 22:00,2025-06-13 22:00,138,299
300,분리형 실리콘 오일 브러쉬 15개 공구합니다.,분리형 실리콘 오일 브러쉬 15개 5명 공구합니다.,5,OPEN,서울특별시 종로구 계동길 37,37.57908833,126.9862761,2025-06-20,2025-06-13 22:00,2025-06-13 22:00,191,300
301,유기농 블루베리 15개 공구합니다.,유기농 블루베리 15개 5명 공구합니다.,5,CLOSED,서울특별시 서대문구 통일로 251,37.57460851,126.9556118,2025-06-20,2025-06-13 22:00,2025-06-13 22:00,119,301
302,해남 미니 밤호박 11개 공구합니다.,해남 미니 밤호박 11개 11명 공구합니다.,11,CLOSED,서울특별시 중구 태평로1가 1,37.56907487,126.977592,2025-06-20,2025-06-13 22:00,2025-06-13 22:00,13,302
303,디지털 키친타이머 13개 공구합니다.,디지털 키친타이머 13개 13명 공구합니다.,13,OPEN,서울특별시 마포구 양화로 55,37.55011521,126.9146382,2025-06-20,2025-06-13 22:00,2025-06-13 22:00,153,303
304,이동식 트롤리 수납함 5개 공구합니다.,이동식 트롤리 수납함 5개 5명 공구합니다.,5,COMPLETED,서울특별시 서대문구 이화여대길 52,37.56446452,126.9502888,2025-06-20,2025-06-13 22:00,2025-06-13 22:00,149,304
305,얼그레이 밀크티 베이스 원액 8개 공구합니다.,얼그레이 밀크티 베이스 원액 8개 8명 공구합니다.,8,OPEN,서울특별시 종로구 창경궁로 88,37.57011963,126.999799,2025-06-20,2025-06-13 22:00,2025-06-13 22:00,199,305
306,무쇠 주물 냄비 3개 공구합니다.,무쇠 주물 냄비 3개 3명 공구합니다.,3,OPEN,서울특별시 용산구 이태원로55길 60-16,37.53846127,126.9992941,2025-06-20,2025-06-13 22:00,2025-06-13 22:00,149,306
307,새벽 수확 친환경 상추 14개 공구합니다.,새벽 수확 친환경 상추 14개 7명 공구합니다.,7,CLOSING_SOON,서울특별시 마포구 포은로8길 14,37.55624,126.905628,2025-06-20,2025-06-13 22:00,2025-06-13 22:00,189,307
308,푹신한 거실용 슬리퍼 12개 공구합니다.,푹신한 거실용 슬리퍼 12개 6명 공구합니다.,6,COMPLETED,서울특별시 마포구 성미산로32길,37.56341113,126.9237227,2025-06-20,2025-06-13 22:00,2025-06-13 22:00,13,308
309,독일제 스테인리스 주합니다.가위 6개 공구합니다.,독일제 스테인리스 주합니다.가위 6개 6명 공구합니다.,6,CLOSING_SOON,서울특별시 종로구 인사동길,37.57341308,126.9857711,2025-06-20,2025-06-13 22:00,2025-06-13 22:00,79,309
310,수제 그래놀라 시그니처 블렌드 12개 공구합니다.,수제 그래놀라 시그니처 블렌드 12개 12명 공구합니다.,12,COMPLETED,서울특별시 종로구 종로 129,37.5704266,126.9920293,2025-06-20,2025-06-13 22:00,2025-06-13 22:00,138,310
311,달콤한 샤인머스캣 6개 공구합니다.,달콤한 샤인머스캣 6개 6명 공구합니다.,6,COMPLETED,서울특별시 중구 통일로 1,37.55604085,126.9715945,2025-06-20,2025-06-13 22:00,2025-06-13 22:00,116,311
312,천연 소이왁스 아로마 캔들 9개 공구합니다.,천연 소이왁스 아로마 캔들 9개 3명 공구합니다.,3,CLOSING_SOON,서울특별시 종로구 율곡로 59,37.57687605,126.9857464,2025-06-20,2025-06-13 22:00,2025-06-13 22:00,49,312
313,화이트 법랑 밀폐용기 세트 5세트 공구합니다.,화이트 법랑 밀폐용기 세트 5세트 5명 공구합니다.,5,OPEN,서울특별시 마포구 마포대로 100,37.54452679,126.9513638,2025-06-20,2025-06-13 22:00,2025-06-13 22:00,115,313
314,여행용 의류 압축 파우치 13개 공구합니다.,여행용 의류 압축 파우치 13개 13명 공구합니다.,13,CLOSED,서울특별시 서대문구 통일로 247,37.57441036,126.9577503,2025-06-20,2025-06-13 22:00,2025-06-13 22:00,49,314
315,이중 스텐 냉면기 14개 공구합니다.,이중 스텐 냉면기 14개 14명 공구합니다.,14,CLOSED,서울특별시 중구 동호로 249,37.55750551,127.0079529,2025-06-20,2025-06-13 22:00,2025-06-13 22:00,32,315
316,모던 디자인 무광 머그컵 15컵 공구합니다.,모던 디자인 무광 머그컵 15컵 5명 공구합니다.,5,CLOSING_SOON,서울특별시 용산구 녹사평대로 195,37.53483142,126.9870285,2025-06-20,2025-06-13 22:00,2025-06-13 22:00,191,316
317,국산콩으로 만든 수제 두부 15모 공구합니다.,국산콩으로 만든 수제 두부 15모 15명 공구합니다.,15,COMPLETED,서울특별시 서대문구 신촌로 177,37.5570468,126.9456034,2025-06-20,2025-06-13 22:00,2025-06-13 22:00,16,317
318,보온보냉 스텐 텀블러 9개 공구합니다.,보온보냉 스텐 텀블러 9개 9명 공구합니다.,9,CLOSING_SOON,서울특별시 용산구 신흥로 9,37.5393496,126.9864459,2025-06-20,2025-06-13 22:00,2025-06-13 22:00,191,318
319,라탄 감성 휴지 케이스 10개 공구합니다.,라탄 감성 휴지 케이스 10개 10명 공구합니다.,10,OPEN,서울특별시 서대문구 신촌역로 22-5,37.55890633,126.9430386,2025-06-20,2025-06-13 22:00,2025-06-13 22:00,119,319
320,폴란드 스타일 패턴 접시 11개 공구합니다.,폴란드 스타일 패턴 접시 11개 11명 공구합니다.,11,CLOSED,서울특별시 용산구 한강대로 100,37.52879118,126.9686736,2025-06-20,2025-06-13 22:00,2025-06-13 22:00,189,320
321,가마솥 합니다.식으로 만든 누룽지 12개 공구합니다.,가마솥 합니다.식으로 만든 누룽지 12개 6명 공구합니다.,6,OPEN,서울특별시 마포구 마포대로1길 3,37.53832066,126.9433879,2025-06-20,2025-06-13 22:00,2025-06-13 22:00,15,321
322,유기농 완숙 토마토 10개 공구합니다.,유기농 완숙 토마토 10개 10명 공구합니다.,10,COMPLETED,서울특별시 중구 남대문로 39,37.5625152,126.9797235,2025-06-20,2025-06-13 22:00,2025-06-13 22:00,16,322
323,콜드브루 디카페인 커피 원액 9개 공구합니다.,콜드브루 디카페인 커피 원액 9개 3명 공구합니다.,3,CLOSED,서울특별시 중구 을지로 42,37.56605095,126.9823729,2025-06-20,2025-06-13 22:00,2025-06-13 22:00,84,323
324,암막 기능 차광 커튼 4개 공구합니다.,암막 기능 차광 커튼 4개 4명 공구합니다.,4,COMPLETED,서울특별시 서대문구 통일로 279-79,37.57543617,126.9523709,2025-06-20,2025-06-13 22:00,2025-06-13 22:00,12,324
325,산지직송 무농약 딸기 한 박스 8박스 공구합니다.,산지직송 무농약 딸기 한 박스 8박스 8명 공구합니다.,8,CLOSED,서울특별시 서대문구 통일로 344,37.58127279,126.9514397,2025-06-20,2025-06-13 22:00,2025-06-13 22:00,32,325
326,LED 터치 무드등 13개 공구합니다.,LED 터치 무드등 13개 13명 공구합니다.,13,OPEN,서울특별시 서대문구 봉원사길 120,37.57235344,126.9469448,2025-06-20,2025-06-13 22:00,2025-06-13 22:00,53,326
327,깔끔한 양념통 세트 14세트 공구합니다.,깔끔한 양념통 세트 14세트 14명 공구합니다.,14,COMPLETED,서울특별시 마포구 월드컵로 240,37.56828845,126.897273,2025-06-20,2025-06-13 22:00,2025-06-13 22:00,75,327
328,대용량 빨래 바구니 7개 공구합니다.,대용량 빨래 바구니 7개 7명 공구합니다.,7,CLOSING_SOON,서울특별시 종로구 우정국로 55,37.57389314,126.9818817,2025-06-20,2025-06-13 22:00,2025-06-13 22:00,91,328
329,제주 하우스 감귤 11개 공구합니다.,제주 하우스 감귤 11개 11명 공구합니다.,11,CLOSED,서울특별시 용산구 서빙고로 137,37.52470224,126.9777402,2025-06-20,2025-06-13 22:00,2025-06-13 22:00,121,329
330,동결건조 야채 블럭 14개 공구합니다.,동결건조 야채 블럭 14개 7명 공구합니다.,7,COMPLETED,서울특별시 종로구 율곡로 99,37.57886973,126.9897103,2025-06-20,2025-06-13 22:00,2025-06-13 22:00,174,330
331,세라믹 코팅 프라이팬 5개 공구합니다.,세라믹 코팅 프라이팬 5개 5명 공구합니다.,5,OPEN,서울특별시 중구 퇴계로 123,37.5612659,126.9853643,2025-06-20,2025-06-13 22:00,2025-06-13 22:00,50,331
332,파스텔톤 실리콘 조리도구 10개 공구합니다.,파스텔톤 실리콘 조리도구 10개 10명 공구합니다.,10,CLOSING_SOON,서울특별시 마포구 양화로 165,37.55713067,126.9236162,2025-06-20,2025-06-13 22:00,2025-06-13 22:00,146,332
333,신선한 브로콜리 15개 공구합니다.,신선한 브로콜리 15개 15명 공구합니다.,15,COMPLETED,서울특별시 종로구 사직로 161,37.57590409,126.9768421,2025-06-20,2025-06-13 22:00,2025-06-13 22:00,179,333
334,매콤한 오징어 젓갈 13개 공구합니다.,매콤한 오징어 젓갈 13개 13명 공구합니다.,13,CLOSED,서울특별시 중구 세종대로 110,37.56637078,126.9779184,2025-06-20,2025-06-13 22:00,2025-06-13 22:00,53,334
335,한우 등심 스테이크용 4개 공구합니다.,한우 등심 스테이크용 4개 4명 공구합니다.,4,COMPLETED,서울특별시 용산구 이태원로 167,37.53459052,126.9925494,2025-06-20,2025-06-13 22:00,2025-06-13 22:00,140,335
336,간편한 순대볶음 밀키트 12키트 공구합니다.,간편한 순대볶음 밀키트 12키트 12명 공구합니다.,12,OPEN,서울특별시 종로구 세종대로 172,37.57162282,126.976788,2025-06-20,2025-06-13 22:00,2025-06-13 22:00,126,336
337,접이식 식기 건조대 11개 공구합니다.,접이식 식기 건조대 11개 11명 공구합니다.,11,OPEN,서울특별시 용산구 한강대로23길 55,37.5297718,126.9647415,2025-06-20,2025-06-13 22:00,2025-06-13 22:00,5,337
338,고당도 성주 참외 8개 공구합니다.,고당도 성주 참외 8개 8명 공구합니다.,8,CLOSING_SOON,서울특별시 중구 태평로1가 1,37.56907487,126.977592,2025-06-20,2025-06-13 22:00,2025-06-13 22:00,106,338
339,향기로운 플라워 디퓨저 9개 공구합니다.,향기로운 플라워 디퓨저 9개 9명 공구합니다.,9,OPEN,서울특별시 중구 남대문시장4길 21,37.55918636,126.9776537,2025-06-20,2025-06-13 22:00,2025-06-13 22:00,9,339
340,천연 우드 서빙스푼과 포크 13개 공구합니다.,천연 우드 서빙스푼과 포크 13개 13명 공구합니다.,13,CLOSED,서울특별시 중구 세종대로 99,37.56608683,126.9737258,2025-06-20,2025-06-13 22:00,2025-06-13 22:00,103,340
341,경북 의성 깐마늘 14개 공구합니다.,경북 의성 깐마늘 14개 14명 공구합니다.,14,COMPLETED,서울특별시 서대문구 연세로 50,37.56605084,126.9439162,2025-06-20,2025-06-13 22:00,2025-06-13 22:00,92,341
342,건강한 닭가슴살 칩 15개 공구합니다.,건강한 닭가슴살 칩 15개 15명 공구합니다.,15,CLOSED,서울특별시 종로구 계동길 37,37.57908833,126.9862761,2025-06-20,2025-06-13 22:00,2025-06-13 22:00,16,342
343,미니멀 디자인 수저통 14개 공구합니다.,미니멀 디자인 수저통 14개 14명 공구합니다.,14,OPEN,서울특별시 서대문구 통일로 251,37.57460851,126.9556118,2025-06-20,2025-06-13 22:00,2025-06-13 22:00,31,343
344,무타공 벽걸이 선반 10개 공구합니다.,무타공 벽걸이 선반 10개 5명 공구합니다.,5,COMPLETED,서울특별시 용산구 남산공원길 105,37.55112257,126.9878678,2025-06-20,2025-06-13 22:00,2025-06-13 22:00,36,344
345,남해안 바삭한 김부각 11개 공구합니다.,남해안 바삭한 김부각 11개 11명 공구합니다.,11,CLOSING_SOON,서울특별시 용산구 이태원로 29,37.53731405,126.9784661,2025-06-20,2025-06-13 22:00,2025-06-13 22:00,199,345
346,국내산 양파 한 망 15망 공구합니다.,국내산 양파 한 망 15망 15명 공구합니다.,15,CLOSED,서울특별시 마포구 홍익로6길 26,37.55547225,126.9232666,2025-06-20,2025-06-13 22:00,2025-06-13 22:00,50,346
347,우드핸들 커트러리 세트 7세트 공구합니다.,우드핸들 커트러리 세트 7세트 7명 공구합니다.,7,CLOSED,서울특별시 서대문구 신촌로 90,37.55544179,126.9361192,2025-06-20,2025-06-13 22:00,2025-06-13 22:00,128,347
348,내열유리 계량컵 15컵 공구합니다.,내열유리 계량컵 15컵 15명 공구합니다.,15,COMPLETED,서울특별시 용산구 서빙고로 137,37.52470224,126.9777402,2025-06-20,2025-06-13 22:00,2025-06-13 22:00,141,348
349,건강한 프리미엄 견과류 믹스 7개 공구합니다.,건강한 프리미엄 견과류 믹스 7개 7명 공구합니다.,7,OPEN,서울특별시 마포구 양화로 55,37.55011521,126.9146382,2025-06-20,2025-06-13 22:00,2025-06-13 22:00,26,349
350,편백나무 옷장용 탈취제 12개 공구합니다.,편백나무 옷장용 탈취제 12개 6명 공구합니다.,6,CLOSING_SOON,서울특별시 용산구 서빙고로 137,37.52470224,126.9777402,2025-06-20,2025-06-13 22:00,2025-06-13 22:00,112,350
351,국내산 냉장 삼겹살 6개 공구합니다.,국내산 냉장 삼겹살 6개 6명 공구합니다.,6,OPEN,서울특별시 종로구 창경궁로 88,37.57011963,126.999799,2025-06-20,2025-06-13 22:00,2025-06-13 22:00,108,351
352,쫀득한 반건조 오징어 9개 공구합니다.,쫀득한 반건조 오징어 9개 9명 공구합니다.,9,OPEN,서울특별시 종로구 종로 129,37.5704266,126.9920293,2025-06-20,2025-06-13 22:00,2025-06-13 22:00,149,352
353,도자기 파스타볼 8개 공구합니다.,도자기 파스타볼 8개 4명 공구합니다.,4,COMPLETED,서울특별시 중구 통일로 1,37.55604085,126.9715945,2025-06-20,2025-06-13 22:00,2025-06-13 22:00,164,353
354,알싸한 대파 한 단 15단 공구합니다.,알싸한 대파 한 단 15단 15명 공구합니다.,15,CLOSED,서울특별시 종로구 율곡로 59,37.57687605,126.9857464,2025-06-20,2025-06-13 22:00,2025-06-13 22:00,36,354
355,무첨가 NFC 사과즙 8개 공구합니다.,무첨가 NFC 사과즙 8개 8명 공구합니다.,8,OPEN,서울특별시 서대문구 통일로 247,37.57441036,126.9577503,2025-06-20,2025-06-13 22:00,2025-06-13 22:00,12,355
356,스테인리스 스틸 거품기 15개 공구합니다.,스테인리스 스틸 거품기 15개 15명 공구합니다.,15,CLOSING_SOON,서울특별시 마포구 포은로8길 14,37.55624,126.905628,2025-06-20,2025-06-13 22:00,2025-06-13 22:00,144,356
357,부드러운 아보카도 10개 공구합니다.,부드러운 아보카도 10개 10명 공구합니다.,10,COMPLETED,서울특별시 종로구 우정국로 55,37.57389314,126.9818817,2025-06-20,2025-06-13 22:00,2025-06-13 22:00,127,357
358,강원도 찰옥수수 9개 공구합니다.,강원도 찰옥수수 9개 9명 공구합니다.,9,OPEN,서울특별시 마포구 하늘공원로 95,37.56907948,126.8863184,2025-06-20,2025-06-13 22:00,2025-06-13 22:00,155,358
359,안동 수제 식혜 11개 공구합니다.,안동 수제 식혜 11개 11명 공구합니다.,11,CLOSING_SOON,서울특별시 서대문구 봉원사길 120,37.57235344,126.9469448,2025-06-20,2025-06-13 22:00,2025-06-13 22:00,141,359
360,감성적인 린넨 키친크로스 14개 공구합니다.,감성적인 린넨 키친크로스 14개 14명 공구합니다.,14,COMPLETED,서울특별시 마포구 월드컵로 240,37.56828845,126.897273,2025-06-20,2025-06-13 22:00,2025-06-13 22:00,57,360
361,유기농 통밀 파스타면 15개 공구합니다.,유기농 통밀 파스타면 15개 15명 공구합니다.,15,CLOSED,서울특별시 서대문구 신촌로 177,37.5570468,126.9456034,2025-06-20,2025-06-13 22:00,2025-06-13 22:00,104,361
362,실리콘 냄비 받침대 15개 공구합니다.,실리콘 냄비 받침대 15개 5명 공구합니다.,5,CLOSING_SOON,서울특별시 서대문구 통일로 344,37.58127279,126.9514397,2025-06-20,2025-06-13 22:00,2025-06-13 22:00,56,362
363,다용도 흙당근 14개 공구합니다.,다용도 흙당근 14개 14명 공구합니다.,14,OPEN,서울특별시 용산구 한강대로 100,37.52879118,126.9686736,2025-06-20,2025-06-13 22:00,2025-06-13 22:00,159,363
364,햇 감자 13개 공구합니다.,햇 감자 13개 13명 공구합니다.,13,COMPLETED,서울특별시 중구 동호로 249,37.55750551,127.0079529,2025-06-20,2025-06-13 22:00,2025-06-13 22:00,9,364
365,신선한 바질 페스토 소스 10개 공구합니다.,신선한 바질 페스토 소스 10개 5명 공구합니다.,5,CLOSED,서울특별시 용산구 녹사평대로 195,37.53483142,126.9870285,2025-06-20,2025-06-13 22:00,2025-06-13 22:00,144,365
366,감성 라탄 컵받침 15개 공구합니다.,감성 라탄 컵받침 15개 5명 공구합니다.,5,OPEN,서울특별시 서대문구 봉원사길 120,37.57235344,126.9469448,2025-06-20,2025-06-13 22:00,2025-06-13 22:00,78,366
